,title,author,read_cnt,reply_cnt,timestamp
0,我的天，太可怕了。,白马股投资者,40,2,08-09 11:24
1,从5月份开始，一直输，怎么办？平均一个月输10w，到现在30w没了，[哭][哭],股友N25023c785,21,1,08-09 11:43
2,从我近两年的数据观察，想让大A好起来，很简单的办法！,文凯诺大数据,262,5,08-09 11:31
3,不知不觉秋来了。让我们忘记所有的过去。忘记所谓的牛市。风里淡淡有了秋的味道，秋已,北京小影,679,29,08-09 07:06
4,A股：证券股波动之大，成为市场一块心病！周三，风将往哪方向吹?,趋势与取舍,2630,24,08-08 04:38
5,半导体板块在利空的刺激下继续重挫。抓热点，抓热点,YLSFGPDX,24,1,08-09 11:50
6,7.19记录实操,股友hun8835,2607,28,07-19 05:05
7,葛兰：200万相当于我下楼买了一瓶可口可乐,白马飞奔黑马过林,15142,83,08-09 09:35
8,涨2个点跌半个月，摩根说的没错[大笑],炒股买卡宴,36,2,08-09 11:47
9,各大ETF，最优秀的还是515050和515000,江水流春去欲尽,383,15,08-08 11:23
10,A股今天必跌，因为美股跌了，，，跪好,拉萨天团梅超风,1,0,08-09 11:52
11,果然不出所料收一个阴十字星，大家可以关注一下2013年6月3日是不是也是一个阴十,一辈子做滑头,105,4,08-08 03:05
12,只有热点板块，其他的板块都趴下，这种行情适合那帮打短线的。市场钱就这么多，热钱就,渡_六尘,40,1,08-09 11:32
13,赔了8w不玩了！,多财满腹de蓝银皇,9,1,08-09 11:47
14,这种k线还敢买的都是勇士,etime007,9,1,08-09 11:45
15,这次回本，就销户，再也不炒A股，就算你10000点也不后悔，去美股玩，虽然美股也,机智的马舒茜,69,7,08-09 11:44
16,中午的午评咋写？房地产护盘，沪指上下波动10个点？个股3803家下跌？[大笑],风浪越大越精神,85,5,08-09 11:40
17,盘前盘中预判川金诺，今日-3-5可加仓，不T怎么玩差价，没直接卖是因为怕踏空，为,天意_NICAI,159,3,08-09 11:17
18,牛来咯，老乡进来接套咯[偷笑],股友2zM9616615,1,0,08-09 11:52
19,8-9节点空仓。中长线仓位无视波动。非节点时间点。感觉人都少了很多。[好困惑][,兔兔爱吃鱼,356,16,08-09 10:16
20,..大型一线名酒将借壳18亿小市值酒企，近期将公布，种种迹象已表明了，看不懂18,重组专业户,2215,18,07-29 07:50
21,大学生没有生活费加仓了，红一点可以嘛[哭],毕业养鱼,433,25,08-09 10:51
22,医药股们为什么联手大涨，内在逻辑股民要思考。严厉打击医药腐败，只会让医药股更坚强,风吟天下,75,1,08-09 11:27
23,指数没跌多少个股四五千家跌,股友707u23k980,44,1,08-09 09:32
24,$上证指数(SH000001)$,舟行水,1,0,08-09 11:52
25,今天的A股，出现了一个非常罕见现象，让我瞠目结舌，究竟发生什么事？,盘口老周,128,1,08-09 11:48
26,今天全是医疗天下明天就不知道了,吴限融光,1,0,08-09 11:51
27,倡议,伊哥尔,48,4,08-09 11:31
28,三年来最大上涨和回撤均超70%，高波动的恒生科技还能冲吗？,A股小挖基,6246,25,08-08 11:33
29,2023/8/8（周二）实盘操作：出局步步高，持有龙泉股份、美丽生态。,楠哥淘金,3813,36,08-08 03:11
30,这样不停的安装抄水机不干塘才怪，一边说要搞活资本市场(囗水战)一边科学化|P0发,风火轮985,18,0,08-09 11:51
31,你们自己看吧！懂的自然懂，不懂的人是叫不醒的。就像有一个好的赚钱渠道你会拿着喇叭,张婷Aa,10,0,08-09 11:51
32,8.8复盘：按部就班即可。注意量能，轮动可能开始了！,青云股志,365,7,08-08 06:57
33,突然间看到这张图，再有钱也抗不住资金这样流出…砖家说牛市来了[捂脸][捂脸][捂,小股大飞,274,10,08-08 06:54
34,惊天大逃亡[大笑],股友ORkY9X1190,34,2,08-08 02:30
35,已经满仓切换下班了！收盘涨停再晒持仓！[吃瓜][吃瓜][吃瓜],大满说股,13,0,08-09 11:50
36,变盘时间节点，指数可能绝地反击。毕竟前面说过ABC回踩几乎完成。上影线进一步诱空,不断求变,441,25,08-09 08:23
37,上证指数60日线拐头，快了快了，再坚持一下,老布说股,22,0,08-09 11:50
38,轮动个毛线，一个地方打不香？搞到大家追高都亏钱。,超短丨就是玩,70,2,08-09 11:06
39,券商行情引发的尴尬,韭菜的理财生活,395,7,08-09 10:43
40,8/9早盘策略：个股标的已出，其他留意证券能否趋势反包，持仓继续格局预期！,钱哥炒家龙头,3532,71,08-09 08:58
41,听外资的就对了！2800必到，必须的必,香香甜甜过大年,78,4,08-09 11:34
42,让我们一起喊T+0，反对的机构托就别往别的地方扯了，只要T+0，我们股市什么,ffzb,1983,126,07-29 10:02
43,2023-8-7大盘短线3281短线支撑和长线3231支撑考验3305小牛压力启,古东昇,307,6,08-07 10:24
44,中国股市被量化资金玩坏了，小散一定不要做量化资金的对手盘，他们快速拉升，你看都不,基民W0Dxnh,24,1,08-09 11:40
45,距离我们发财还有36个小时！,北冰洋投资,22562,22,08-09 06:30
46,浪潮信息：算力龙头，乘风破浪！迎来新一轮成长期.目前券商的朦胧利好还没有出来，正,招财猫投资人,473,3,08-09 07:26
47,只要来一波牛市，什么CPI。PPI···都能起来···哈哈,用时间追逐利润,36,0,08-09 11:49
48,？？？？？？？？？,零一二,59,2,08-09 11:44
49,你们自己看吧！懂的自然懂，不懂的人是叫不醒的。就像有一个好的赚钱渠道你会拿着喇叭,张婷Aa,15,0,08-09 11:49
50,"周未发个所谓利好“让股民赚钱去消费""，结果又是空炮，周一涨的不够赔。",newbear,44,1,08-09 11:39
51,8.9盘中偶尔临时,瑞茵成长记,1213,16,08-09 09:51
52,买菜的老奶奶笑着说，我一年银行定期收益都跑赢了80%的骨民,掏庄稼吉吉,79,5,08-09 11:36
53,现在A股既没有投机，也没有价值投资。你说谁还愿意来。成交量缩量就是最好的证明,顾所愿也,68,1,08-09 11:45
54,三一电动设备掀起批量交付潮！今年上半年，三一新能源牵引车、新能源自卸车、新能源搅,恐龙抗狼恐龙抗,491,10,08-09 08:24
55,茅台和农业银行今天收盘或将涨停（二股涨幅小于7%？20万粉丝归你,吉米米4530,224,3,08-09 10:41
56,怪不得老摩说的太对了，机构气急败坏了，出不来活了，看看指数还是乖乖的下去了，个股,火烧股市旺旺旺,8,0,08-09 11:49
57,上证指数十五分钟底背离，11:01将井喷向上…3350,吉米米4530,117,1,08-09 10:58
58,向上变盘时间,好运哥我来了,3696,43,08-08 12:39
59,大肖同志把牛放到哪去了！为什么你就不能蒙对一次？不是能力不行就是心肠……,白马云丹,4,0,08-09 11:48
60,8月市场如何运行，新的买点在哪里？,金铭预测,403,13,08-09 10:57
61,，真6,只会做埋伏,18,0,08-09 11:48
62,3322未过之前，60天线上继续轻指数重个股。8月2日，黄线上0，这三个交易日，,庄见愁丶,6547,150,08-04 02:10
63,一年365天，只要不休市，我一直满仓在里面，我知道像我这种人永远赚不了钱,雨天不撑伞的呆子,253,10,08-08 01:03
64,股市好玩，其魅力在于不确定性,股友8Z32850D29,17,0,08-09 11:48
65,今天的砸盘，你买了吗？- 8.8盘后分析,风兮清扬,1068,35,08-08 05:19
66,大A牛市开始了，阶段看至10000点，今天就是牛市起点！#券商股行情结束了？#,MK001,58,1,08-09 11:43
67,帐户每天都在亏钱，所谓的砖家们却都在说牛市来了，我该怎么办啊？兄弟们你们也是这种,小股少,11,0,08-09 11:48
68,打卡下班,金色满园实盘,2264,43,08-09 09:54
69,强势好股,黄金万两2018,10,0,08-09 11:48
70,半导体，动手！买一部分仓位先！,韩劳模,95,2,08-09 09:38
71,;'大型一线名酒将借壳18亿小市值酒企，近期将公布，种种迹象已表明了，看不懂18,重组专业户,1417,16,07-30 06:25
72,太假了，主力天天跑出去这么多资金也不见得狂回来，,基民vl0RLx,32,1,08-09 11:43
73,会有奇迹吗[奸笑],基民Xf5d8m,38,0,08-09 11:48
74,买券商，就不相信券商还能下去，大不了再调整几个月[旺柴],白净的朱枫2,47,0,08-09 11:48
75,分享一下3,西派作手,3285,191,04-20 09:03
76,白酒好大盘才是真的好[龙头][龙头],misapiiii,33,1,08-09 11:20
77,指数级别的涨法暂时没有，震荡适合它,八风无痕,1650,15,08-09 08:24
78,我的帖子环环相扣，若是不懂，请翻看前面,稳健小神石,72,1,08-09 11:41
79,全面注册制下酒企不能跨行业借壳，只能在酒企中实现同行业借壳,重组专业户,2190,12,08-08 12:26
80,我的帖子环环相扣，若是不懂，请翻看前面,稳健小神石,72,1,08-09 11:41
81,全面注册制下酒企不能跨行业借壳，只能在酒企中实现同行业借壳,重组专业户,2191,12,08-08 12:26
82,森马服饰马上起飞,股友rXE0QE,446,4,08-04 09:51
83,今天下跌的背后，竟然蕴含如此玄机!两亿散户还不明白，A股明天将是载入史册的一天!,股林盟主,30544,68,08-08 07:55
84,注意这三类风险，少走一半弯路！,哈哈姐聊理财,11,0,08-09 11:46
85,[赞],股友V0x8719210,17,0,08-09 11:46
86,五十线交叉，可能走下跌走势。或横盘，如量增大会上升。,股友13o8h25757,16,0,08-09 11:46
87,这就是百元股的下场，从154元砸到了5.57元！154元追涨！5.57元还在狠狠,价低出牛股,2555,27,08-09 10:16
88,有牛市，但很远。黎明前的黑暗不是那么好过的。,淦沣之星,33,0,08-09 11:46
89,我的消费多在股市里，难啊！,股友n3fWEo,23,1,08-09 11:42
90,今天买啥能让我明天赚钱，我直接满仓,正义地黄药师,126,8,08-09 11:38
91,临近8月中旬，震荡继续···但是距离大幅度的快速调整也更近了！,用时间追逐利润,170,5,08-07 01:26
92,不懂就问，中国股市是怎么做到如此优秀的？,炒A股纯属靠运气,75,3,08-09 11:34
93,北京明确灾后重建思路：一年基本恢复，三年全面提升北京日报客户端原创1个小时前·《,容光焕发的小乖乖,29,0,08-09 11:45
94,3246.01就是盘整背驰1买，接下来反弹去找3322，过3300，高抛！,南柯魍魉,116,2,08-09 11:02
95,按照月线看，还真是慢牛[囧],基民Xf5d8m,76,2,08-09 11:35
96,休息吧，资金一直在逃，拿什么去涨！一个病人，药一停，就废了。,随牛逐流886,84,3,08-09 11:36
97,2023年8月，史称“口头牛”,叙市XushiETF,17,0,08-09 11:44
98,我就不明白，内资狗们天天流出几百个亿，股票都是哪里买来的！,哥哥炒股要翻倍,35,1,08-09 11:38
99,医药医疗板块拉升是不是圈点钱好交罚款，定格处理也就是罚款拘人。,开朗的翻倍,26,0,08-09 11:44
100,【三十二万本金的炒股之路】开始日期：2023.5.1～今日赢亏：0，收盘市值：3,疯皇捏盘,2577,110,08-08 03:01
101,$上证指数(SH000001)$,富贵成金的小公主,123,6,08-07 02:28
102,[赞],股友V0x8719210,9,0,08-09 11:44
103,8/8【心语】什么也不放弃的人，往往会失去更珍贵的东西,紫炎林影分身,532,9,08-08 03:05
104,天神新材拿稳，布局部分N蒙古里301487,趋势聊股,730,17,08-09 10:13
105,这玩意要暴跌了[旺柴],股友廖可汗,20,0,08-09 11:44
106,又是一个三无的一天！炒A股吃上两个菜都很难啊[滴汗][滴汗],基民8d96070x17,47,0,08-09 11:44
107,一个月工资又没了,被套不加仓,56,2,08-09 11:34
108,今天资金从权重里大量流出，证券，银行，保险以及白酒资金都是大量出逃,海市圣楼,206,7,07-31 03:04
109,《每日一帖，向着50万目标》净资产12695 当日盈亏-1042 累计提8K,章太白,563,25,08-07 05:07
110,明日市场小析,烈雄之路,2358,109,08-07 07:00
111,强烈呼吁暂停新股发行，停止大股东减持，才能贯彻好中央政治局会议精神，才能活跃金融,参谋股吧大家谈,280,3,08-09 10:50
112,股市风险增大，国家队是否该出手了,芝麻开花步步涨,21,0,08-09 11:43
113,成熟股民的几条标志,神山秀水,588,2,08-07 03:46
114,老胡不得瑟了？,股神张择端,54,1,08-09 11:38
115,8.09  早评   证券板块出现跌停个股，行情就此告一段落？,不喝啤酒的啤酒肚,1516,5,08-09 07:33
116,完全是情绪市场，主力不发力都不敢动。,奇异的孙茜4,69,2,08-09 11:34
117,大盘很活跃，老乡别跑，让你赚钱,木甲林,64,2,08-09 11:28
118,收盘3230,金鹏大将丶入阵,17,0,08-09 11:42
119,每日一跌,wangleyinc,28,0,08-09 11:42
120,还有大跌等着呢,有内涵的圣手书生,27,0,08-09 11:42
121,这大盘看着每天就跌零点几，个股跌麻了,想清楚再出手,56,0,08-09 11:41
122,专家说的大牛终于来了,股友lUbvz0,27,1,08-09 11:34
123,东拉西拉的，还是没量，3000点以下玩吧,结实de雷神,36,0,08-09 11:41
124,大河来水小河满！三大股指60分钟级别金蛤蟆正在跺脚，即将起跳,旭日升朝阳起,253,9,08-09 11:10
125,砸盘的从来都是内资机狗,聚源泰,19,0,08-09 11:41
126,#医药股走强，能抄底吗？#,风云831016,33,0,08-09 11:41
127,继续在光伏产业链潜伏，你随意，希望板块轮动到光伏,机智的马舒茜,12,0,08-09 11:40
128,主板上市公司的综合科技含量远高于中小创。同意者请举手！,吉米米4530,558,10,12-21 05:31
129,次新股涨势很好。,YLSFGPDX,17,0,08-09 11:40
130,当前持有，海科新源，智能自控，翔腾新材，如需加仓或者减仓出局或者介入都会开帖提示,牛一灯灯mei95999,203,5,08-09 10:36
131,牛逼，到目前为止账户没红过,韭黄1,194,10,08-09 11:20
132,没有成交量，20日线有没有支程[看空],股友66569fP076,71,0,08-09 11:40
133,跌麻了。。。。。。,让子弹在飞一会儿,63,0,08-09 11:40
134,银行，券商，地产冲啊！别怂！,东方姐夫,21,0,08-09 11:40
135,想销户，但又不服输。。。。然后越来越惨,谢名汇,35,1,08-09 11:28
136,A股风云2023(27)~~下周(2023.08.07-2023.08.11)上证指数展望,指间峰谷,1808,28,08-05 12:25
137,我来了，不要慌，有我在呢，,坊间人称坐怀不乱,44,1,08-09 11:37
138,妥妥的牛市来了，加油冲啊！,买就跌卖就涨121,101,5,08-08 10:14
139,最好的利好就是牛市肯定要来，不买垃圾股，拿住就行。最差也是轮动牛。[上涨][上涨,持股4000只,25,0,08-09 11:39
140,家人们注意安全，耐心等待。现在是阴跌，急跌到3200-3180再。。。个人观点仅,股友e8685w8563,77,2,08-09 11:27
141,互关有没有？大于等于50人即可认证，我想借助大家的力量完成它[大笑],小散ETF,22,0,08-09 11:39
142,华虹上市落地；还有先正达、华电新能。会继续提升大家“投资信心”的[旺柴]。,朱赤昇理想笔谈_每日复盘,142,4,08-09 11:14
143,今日战报：亏损6千6百6,股2023败,66,2,08-09 11:33
144,不要走，后面还有重磅利好。,云烟深处,72,2,08-09 11:28
145,A股散户太难了，各种姿势被割,中国股市真的坑,76,3,08-09 11:23
146,重大利好海鸥住工：为了更好的实现人机交互公司目前主要在部分温控器产品中加入语音模,股友153120fV21,67,1,08-09 11:19
147,想玩的卧倒不动，不想玩的赶紧走人。,DK开鸿运,45,0,08-09 11:38
148,下周又可以打响3200保卫战[鼓掌],噪音0014,45,1,08-09 11:32
149,只有大券商才能救市。,股友6tnrqC5669,90,4,08-09 11:30
150,昨天被消费了4个车轮，今天被消费至少4个座椅了,Howard_zhang,16,0,08-09 11:38
151,2023/8/9,傾宏达,108,0,08-09 09:11
152,市场也会在这个位置震荡以后，会有更多的机会露出，我并不是很悲观。[胜利],投资之吻,583,17,08-08 04:48
153,周一的大盘预判是，上证盘中突破3300，但是收于3300下方，3290上方。粮食,Leason老白,947,14,08-08 08:18
154,还有一个多月就是中秋国庆小长假+暑假期间，旅游酒店航空机场、食品连锁等消费会走强,夜F0VJ75,37,1,08-09 11:25
155,第一个，圆月线和BS买入点，这两个指标在我，常州人说的，请尊重版权！不要自己学会,真假神一,47,0,08-09 11:37
156,恒瑞医药：股价炒高位、业绩差、企业反复编故事、二大机构连续不断出逃、实体阴线、股,飞黄积玉的小乔,50,0,08-09 11:37
157,炸锅了！刚刚重磅数据出炉引爆这个板块！全面加仓抄底？,哈哈姐聊理财,25,0,08-09 11:37
158,指数继续弱势震荡，继续缩量。房地产早盘弱修复，预期放低。金融这个板块就是千万不能,橘子大仙,55,0,08-09 11:37
159,你玩儿的太高。实在的，高高高高。医药板块儿。这几天跌跌，你净玩儿操跌，连涨两天了,富可大展de墨子,21,0,08-09 11:37
160,周一的大盘预判是，上证盘中突破3300，但是收于3300下方，3290上方。粮食,Leason老白,947,14,08-08 08:18
161,还有一个多月就是中秋国庆小长假+暑假期间，旅游酒店航空机场、食品连锁等消费会走强,夜F0VJ75,37,1,08-09 11:25
162,第一个，圆月线和BS买入点，这两个指标在我，常州人说的，请尊重版权！不要自己学会,真假神一,47,0,08-09 11:37
163,恒瑞医药：股价炒高位、业绩差、企业反复编故事、二大机构连续不断出逃、实体阴线、股,飞黄积玉的小乔,50,0,08-09 11:37
164,炸锅了！刚刚重磅数据出炉引爆这个板块！全面加仓抄底？,哈哈姐聊理财,25,0,08-09 11:37
165,指数继续弱势震荡，继续缩量。房地产早盘弱修复，预期放低。金融这个板块就是千万不能,橘子大仙,56,0,08-09 11:37
166,你玩儿的太高。实在的，高高高高。医药板块儿。这几天跌跌，你净玩儿操跌，连涨两天了,富可大展de墨子,21,0,08-09 11:37
167,请问大家这个星期大A红了几天？色盲证犯了,宏图来财的项羽,63,2,08-09 11:30
168,下午我会拉红，你们不信也得信，没别的，只想让你们挣钱,Verfolgungsjagd,40,0,08-09 11:37
169,来一个套一个来两个杀一双。哪里有资金敢进来。,股友G3P6bQ,73,2,08-09 11:30
170,满仓了、被套了没钱补仓了，没办法把银行存款转过来，唉!这算不算消费。,股友53x07215p7,33,0,08-09 11:36
171,自从炒股以后对男人越来越讨厌了,八方发财de古榕,291,9,08-09 11:20
172,3200点年线位置可坚决买入，耐心等待,东财网友6693513626511626,36,0,08-09 11:36
173,今天量要破八千,潮汕哈哈隆,34,1,08-09 11:32
174,垃圾堆,UBTmnc,12,0,08-09 11:36
175,美狗要完蛋了！我们赢麻了,癸某年旺财发财啊,45,1,08-09 11:31
176,出货中……下午暴跌！,原来鲜,31,0,08-09 11:36
177,我累了,大a还在3000点吗,20,0,08-09 11:36
178,人民对A股的美好向往,波段绝技,44,1,08-09 11:30
179,天天输只怪自己技不如人,股友830L0F7123,32,0,08-09 11:36
180,感觉下午券商该发力了，不然大盘难红！,金牛贺岁,64,1,08-09 11:32
181,通脉和新纺格局个把月，一直震荡横盘，微利出局。并非不看好，实在是磨人。通脉6个点,烽烟纵横,2719,70,08-08 08:59
182,摩根史坦利和李大霄到底该信谁的啊,我每一天都涨停,149,5,08-09 11:29
183,牛市来了，兄弟买起来,小韭神涨哥,32,1,08-09 11:31
184,现在不跑下午也就别想跑了[吃瓜],皮卡柴,11,0,08-09 11:35
185,跟着胡导进来的，亏十二个点了，连胡导都干托了，我也是服了。,生意富贵的诸葛亮,17,0,08-09 11:35
186,今天大盘铁定破46往下大跌,诚恳得赛拉,20,0,08-09 11:35
187,全网唯一的标准答案已经来了，接受所有人的验证！,盘口老周,1796,33,08-08 12:08
188,先正达很快就到了[想一下][想一下],红花长亭,32,0,08-09 11:35
189,上午不走的，下午就接受暴击吧,苦命的小散,22,0,08-09 11:35
190,10分钟3个房地产的公积金住房提取新闻，现在的人不买房有没有可能是房价高了,定一个亿的小目标,27,1,08-09 11:29
191,出口数据又是暴跌，马上二季报，跑,股友883916FM62,12,0,08-09 11:34
192,该死的主力资金就是市场的敌人！,邪不压正正,11,0,08-09 11:34
193,只能靠房地产券商了,newxsn,25,0,08-09 11:34
194,牛市越来越牛了，都会牛回头了,醉剑看花,13,0,08-09 11:34
195,智慧变弱冲一下就跑了，干省广,千万别到处割肉,84,0,08-09 11:34
196,如此软弱绵绵，猜测后面必有大爆跌，目前以跑为主,股友DCTTy1,42,1,08-09 11:27
197,最近建议大家都别买，所有板块都在高位，月线都向下，各种利好都出来，这样只会越买越,林子楠,28,1,08-09 11:27
198,的牛市还是牛,小县城的郊外,33,0,08-09 11:34
199,报道检察机关进驻，好好挖一挖,东财网友5785513660669800,23,0,08-09 11:33
200,资金都从券商，银行，互联网出来在上个周全部进医药医疗创新药，，，科源为代表的拉升,股友6lfIxP,41,0,08-09 11:33
201,五月可能是全年高点,默默无音,6786,104,04-17 03:03
202,拉红，支愣起来,外面乱不想去看,33,2,08-09 10:55
203,证券行情后，无强接力的板块轮动,股友8Z32850D29,37,0,08-09 11:18
204,主力资金还蛮多的，一直在流出，一直流不完,程近南,16,0,08-09 11:33
205,指数要应来快速杀跌，六七月会有很不错的赚钱效应,古城大哥,7747,672,05-23 07:18
206,又是3700多绿油油……,有理智的令狐冲,29,0,08-09 11:33
207,对庄家来讲，应该已经控盘，为了折磨散户，甩掉一些机构大户，进行打压洗盘，低位吸筹,popop10151,26,0,08-09 11:32
208,一周游！忽悠！,影影枫,20,0,08-09 11:32
209,大盘很活跃，都赚钱了？,木甲林,39,2,08-09 11:23
210,计算机设备又板了，还拿着，早农产品加工也板了。,炒股养家008,810,25,08-08 08:41
211,房地产要变天！情况可能没有想象中乐观,指汇盈,7990,28,07-30 06:53
212,看来要跌一星期，外资机构说对了。,西域MSSH,44,0,08-09 11:32
213,转发,第一报到,22,0,08-09 11:32
214,这里是最真实的原生态。说什么不如看做什么。,年年发财年年乐,31,0,08-09 11:32
215,我是老百姓我买了股票也买了基金，怎么一买就亏了。,股友9DF19629408,28,0,08-09 11:32
216,量，价，势！,无量不进,40190,932,07-19 12:54
217,天天喊牛，牛被吓跑了,平稳起飞001,48,1,08-09 11:24
218,画饼充饥何时休,梦里翱翔,25,0,08-09 11:31
219,8月份账户就没红过，天天大亏！,股友Q6TgY9,22,0,08-09 11:31
220,谁给你们说的下跌就一定亏钱，现在随时T加仓筹码怎么也得赚钱吧！[色][色][色],天意_NICAI,223,5,08-09 11:05
221,人家给评级还不服呢看看吧烂泥扶不上墙,永不止步27,19,0,08-09 11:31
222,[赞]人气十足啊[大笑]，没人愿意进场玩了[赞],股友dA9xkE,46,0,08-09 11:31
223,我累了，我想哭，21岁的年纪让我遇到你，这还咋玩，连续暴跌三天，这么搞谁还信你。,有个梦叫黎神,105,4,08-09 11:24
224,又骗一次，套牢,股友NdFYxJ,32,0,08-09 11:31
225,每天都是低开，然后白盘震荡个没完，跟开盘价差不多,ssy244260,97,7,08-09 09:42
226,gou主力,股友D7057i1313,30,0,08-09 11:31
227,虽然近4000下跌，但我们还有超1000上涨,买啥啥跌卖了涨,15,0,08-09 11:31
228,专家喊不出牛市的。观点不变。最近拿着医药票子的朋友损失惨重。我现在有点谈药色变了,釜底抽薪431784,134,1,08-08 09:35
229,2023年下半年走势。。。,ST淡泊名利,12505,387,06-16 08:56
230,3400家跌而已。不错了今天,又扑街啦啦啦,95,6,08-09 10:47
231,就6月之前人工智能稍微不亏钱6月开始亏到现在这特么的毕竟城投地产小百万亿的债,一键涨停123,32,0,08-09 11:30
232,今日大盘：昨天说大盘是一个变盘的窗口期，以为它会雄起。但是，还是出现向下的中阴线,广东粤意,1802,51,07-21 09:07
233,坐等指数一根大阴线,东兰溪北,29,0,08-09 11:30
234,背离的隐患！,君隆寶,2673,24,08-08 09:12
235,刺激消费，惠极数亿民众！,针西,40,1,08-09 11:25
236,今天大盘量能萎缩训七千亿以下！,股友C87w006625,32,2,08-09 11:21
237,这个月跌了2次，第一次跌了10天，第二次跌了12天,年年满斗地洁心,45,2,08-09 11:25
238,半死不活,亏钱有道的伟喵喵,22,0,08-09 11:30
239,大家要多加小心点吧！！！！,锐利的陶虹霖1,41,0,08-09 11:29
240,牛市来了真牛啊，内资天天砸盘，3700多支个股齐跌，牛，太牛了,养鸡不如养牛,33,0,08-09 11:29
241,天天3500+以上下跌,信仰重新崛起,35,0,08-09 11:29
242,2023/8/8周二实盘操作:出局浪潮信息止损，介入精华制药，金钟股份。,大海fh45wc海哥,156,1,08-08 06:45
243,天天3500股跌，指数还是涨的？……,惊天一笔来8305,25,0,08-09 11:22
244,大盘指数涨百分之二。个股涨百分之零点二。大盘指数跌百分之零点二。个股跌百分之二。,一天一瓶茅台,60,4,08-09 11:19
245,数据已经公布了，还跳水了吧？,做T小精灵,119,2,08-09 10:06
246,最近被套没割肉的明天尾盘竞价一定要补仓！,蛇形叼手,34,0,08-09 11:29
247,手上的股票又创新低了，就赚了100点指数，难道其他股就不值得投资，既然如此，为啥,富贵成章地达摩,23,0,08-09 11:29
248,价格导向，空间做基，结构为主，趋势为王，择时买卖，连胜长虹。周末消息太多了，大家,招财猫投资人,126,2,08-06 06:01
249,不要操纵市场自然涨跌最好，哪怕跌破3000，市场自然涨跌最好,三国演义赌城风云,52,0,08-09 11:29
250,唯一的选择就是向下,无价值只投机,2513,99,05-23 02:47
251,奄奄一息的感觉,fky16888,16,0,08-09 11:28
252,起,共同的紫菜1,12,0,08-09 11:28
253,大盘不动如山[看空][看空],深沉的游小达,20,0,08-09 11:28
254,转了一圈你会发现，指数确实涨了点，但你肯定没赚到钱甚至已经亏的更多了，个别抄上证,我姓刘我属牛,49,1,08-09 11:23
255,因为亏的太多，整个人都不好了。还得了抑郁症，很难受。无法自拔的感觉。现在我的工作,A股神笔马良,23059,463,06-22 12:51
256,大盘很活跃，老乡别跑，让你赚钱,木甲林,14,0,08-09 11:28
257,大盘指数难搞！,九运龙,10,0,08-09 11:28
258,还是大A牛B！,给力大民,11,0,08-09 11:28
259,金融一拉，头晕眼花,dc5522,26,0,08-09 11:28
260,拉了几天大金融，也不行啊,基民WbxaXq,16,0,08-09 11:28
261,券商股呢？昨天那个劲呢？牛市呢？[呲牙],宇宙无敌小神手,128,7,07-26 01:17
262,早评|真完了！深夜突传利空，A股又要跌了？,龙行天下虎L,1242,9,08-09 08:51
263,有时炒股可以轻大盘，重个股，多弱的板块都会有出头的票。加油，朋友们！[握手][握,简单的单,902,123,08-07 04:29
264,怎么办！新能源车跌的停不下来，要割肉吗？,龙行天下虎L,409,4,08-09 10:37
265,拒绝内卷，没行情就空仓,孤魂野,10,0,08-09 11:27
266,注册制之后，手里的票就没涨过,风中的阿飞7753,28,1,08-09 11:23
267,相信老外专业的！赶紧跑,xiuyunliang,67,1,08-09 11:25
268,这是要跌一星期？,南冥股魔,40,1,08-09 11:20
269,活跃资本市场的具体表现,GZ战无不胜者,24,0,08-09 11:27
270,大A,翡翠民丰地狄仁杰,19,0,08-09 11:27
271,#券商股行情结束了？#是,基民37M819178U,41,0,08-09 11:27
272,解决历史问题，学会股市方法，真正告别韭菜！！大部分人其实都是停留在表面思维，他们,只在lzwayr,295,4,08-08 07:53
273,真的没什么人性,新手小菜鸟101,23,0,08-09 11:27
274,底部斩仓，下午拉升,易拉升,27,0,08-09 11:27
275,#券商股行情结束了？#,基民37M819178U,19,0,08-09 11:27
276,创业板都带不动你？,亏钱有道的伟喵喵,24,0,08-09 11:27
277,反转，来个涨停,行者在哪里,22,0,08-09 11:27
278,低位震荡？能不能学创业板高位震荡呀？,股海云鼹,29,1,08-09 11:24
279,恐慌在每一个散户心头蔓延！一次又一次的诱多伤透了每一个韭菜的心！预料中保护散户的,包租婆美美姐,146,1,08-09 11:22
280,#券商股行情结束了？#—,基民37M819178U,28,0,08-09 11:27
281,被套大半年了。真难受,股友D566p77620,38,0,08-09 11:27
282,几天输了5万[哭][哭][哭][哭],涨涨涨势,62,1,08-09 11:23
283,问问专家牛市呢？专家说牛来了[捂脸][捂脸][捂脸],gypengfei,91,6,08-09 10:30
284,人到中年，能指望啥？曾经记得有专业人士讲职业生涯规划，说的是职业人生的三个阶段：,潇潇先锋,302,1,08-08 09:58
285,本月14-31号很好做！下月开始又是暴跌一个月！,蛇形叼手,19,0,08-09 11:26
286,那些多头我就问一个问题，一旦证券板块调整哪个板块出来顶着？,张婷Aa,14,0,08-09 11:26
287,3300，还有谁不服。佳通9月前，十元见。,超级土豆888,92,1,08-09 10:54
288,现在股市就是死水一般…,股友ww3roj,16,0,08-09 11:26
289,这是牛市哪个阶段呢？[想一下],宇宙无敌小神手,4129,304,07-17 02:13
290,还没有到地量,人生7788,14,0,08-09 11:26
291,易联众(300096)今天异动，易联众具有金融科技、Al大模型、华为、腾讯、蚂蚁,招财来财得双双,30,0,08-09 11:26
292,大盘涨上去了，没有持股卷商一样绿,懒懒澜澜,24,0,08-09 11:26
293,无量，无语,一米阳光1302,13,0,08-09 11:26
294,死猪不怕开水烫,吃饱啦,14,0,08-09 11:26
295,分不清敌友是件很恐怖的事情,我们都赢麻了,14,0,08-09 11:26
296,A股牛市多，牛又来了，一定让散户发财,金玉满斗地子牙,26,0,08-09 11:26
297,牛市牛市，跌的股票不到80%，真牛,后悔来不及了,20,0,08-09 11:26
298,连续押注大盘涨跌第三天[旺柴][毛估估]看来今天又又猜错了[滴汗],油腻大叔爱玩股,44,0,08-09 11:26
299,缩量调整能否回暖,趋势104,52,0,08-09 11:25
300,活跃资本市场，快上。。,股市断魂,18,0,08-09 11:25
301,大市微妙，热股还要继续捂热!,东游8戒,662,13,08-07 04:21
302,我真的很想销户了,基民183d2k0935,10,0,08-09 11:25
303,看了最近一个月主力净流入只红了两次，主力资金都去哪了[捂脸],荒唐的马,13,0,08-09 11:25
304,本次牛市预计持续一天，请大家珍惜,坐等爱奉六,10,0,08-09 11:25
305,在这么去冲权重拉他指数，个股只会更低,股友0T7193903I,19,0,08-09 11:25
306,都吃到了吧！[奸笑][奸笑][奸笑][奸笑],往事輕如煙,162,1,08-09 11:21
307,想想也是都tm挣钱，谁打螺丝？,花10月初5生日,23,0,08-09 11:25
308,天天跌，一月就红那么2天,打败兔,24,0,08-09 11:25
309,温水煮青蛙，每天下来十几个点,春暖花开28508,19,0,08-09 11:25
310,一个热门板块第一波后，获利和解套肯定要出货的，卖压大就会调整,接盘侠也是侠,21,0,08-09 11:24
311,A股流动性越来越差，接着减持啊[捂脸],ST股神丨张婷,36,0,08-09 11:24
312,主力资金天天流出，还有人相信有牛？,一连老兵,19,0,08-09 11:24
313,又要交割了，明后天暴跌,股友Z10i527501,21,0,08-09 11:24
314,为什么8月大盘上涨概率低吗:因为机构不想让你赚钱补贴孩子上学上大学，因为有好的家,衙门股市,14,0,08-09 11:24
315,a股已经被玩坏了,大王二王6,23,0,08-09 11:24
316,A股胡了,虚空混沌,18,0,08-09 11:24
317,量都缩这样子了，不知道在等什么,股友cAZxBL,20,0,08-09 11:24
318,何氏眼科买个十万块钱玩玩试试新指标，输赢与我无关！,真假神一,70,0,08-09 11:24
319,[囧]又是3800家下跌，天天跌怎么玩,名字我不晓得,17,0,08-09 11:24
320,无法操作,股友Z33058X082,17,0,08-09 11:23
321,打着牛市名义把小散骗来又收割一荐,淘金之客,77,2,08-09 11:15
322,蒸蒸日上的股市一般都是跌跌不休的！,有杏也要梅,37,1,08-09 11:20
323,科技回流,酒无常山赵子龙,6257,45,08-07 01:14
324,A股；企稳信号明显，做好准备吧！,洪帮主,227,0,08-09 11:23
325,医药小心,股友P9cUBI,24,0,08-09 11:23
326,今天周二，首先明确观点，8月是震荡上涨的一个月，不会是普涨行情，只会是结构性行情,奇点1989,1269,4,08-08 07:08
327,#券商股行情结束了？#国家政策几十年从未提出过要活跌资本市场，这是根本性改变，券,主力追踪手,10,0,08-09 11:23
328,3250绝不是底，所谓专家都是大忽悠。,高贵de橄榄,70,4,08-09 11:18
329,为什么指数没怎么跌，个股却跌得要死。,炒股找风口就对了,89,3,08-09 11:14
330,是场真的活跃了。,吃定中字头,18,0,08-09 11:23
331,就是不涨，真愁人,我爱吃蛋糕,22,0,08-09 11:23
332,真棒,浑圆太极掌门人,19,0,08-09 11:23
333,想什么呢？,股友2F2522d290,38,0,08-09 11:23
334,感恩,要你a三千,9,0,08-09 11:23
335,下周先正达上市，吸血600,股友y153023h13,39,0,08-09 11:23
336,半死不活的，已经四连阴了！,我心依然如初,20,1,08-09 11:16
337,还在诱多中,eoleol,29,0,08-09 10:36
338,最困难的时候，往往回想回顾一下走过的路，享受那些幸福的时刻，大西洋，这次会判断错,看天相风起云涌,722,10,08-09 05:02
339,大牛市[旺柴]，仅仅只有3500个个股是绿的,flyerstrike,70,2,08-09 11:17
340,明天还跌一天！10号开始反弹！！！,蛇形叼手,36,1,08-09 11:14
341,悄悄的涨，然后跌一星期,顾无崖,30,0,08-09 11:22
342,全网散户不能买，大盘股市开始回调了。3100在买。,股友thGeMy,48,2,08-09 11:16
343,降仓位,不价投财神帮不了,26,1,08-09 11:15
344,不用看不用急缺口必补钱先留着,财源老王,17,0,08-09 11:22
345,每天在搓衣板上搓来搓去,月无痕63,33,0,08-09 11:22
346,天天是阴跌,基民Lukdef,11,0,08-09 11:22
347,这是真正的权重股搭台小股唱戏，小股惨不忍睹！,艺通画室,16,0,08-09 11:22
348,证券涨其他板块跌，其他板块想动证券又开始下跌，这是活脱脱的割韭菜,股友tbuPqj,30,0,08-09 11:21
349,大家别走疯牛来了,招财善贾得雨晨,19,0,08-09 11:21
350,每天的新闻都是围绕房地产展开的，公积金，利率等，那没有公积金的呢,定一个亿的小目标,43,1,08-09 11:18
351,医药被查，还涨医药！厉害,大衰害人不浅,85,3,08-09 11:13
352,这就是所谓的让普通投资者赚钱，可能只是让更多人来接盘而已,还行不行,24,0,08-09 11:21
353,#券商股行情结束了？##龙虎榜解读##券商内测T+0单次回转交易？#,黄金巴菲颖,26,0,08-09 11:21
354,半天200亿流出,眉清目秀得枫树,23,0,08-09 11:21
355,个个都是垫背的！,金银暴富de韦小宝,25,0,08-09 11:21
356,继续发文件,牛市起点1000,24,0,08-09 11:21
357,上市游戏规则应该1.原始股价至少5-10年以上才能二级流通或者原始股份只能协议转,simonallan,14,0,08-09 11:21
358,牛市一直在延续！！！,股友976868F25x,33,0,08-09 11:21
359,券商股依然强势，耐心持有,东财网友6693513626511626,26,0,08-09 11:21
360,分时图做T《一》,青云栈道,376,4,08-09 08:46
361,没有增量资金了，钱被割走了[哭]。以后只能拉银行和券商创造所谓的牛市，继续割韭菜,ai古,16,0,08-09 11:21
362,什么脑接口，智能，医药！不拉金融，就得跌！没用！,森林法则你懂的,17,0,08-09 11:21
363,8.8复盘及明日计划,小小散的赚钱路,1205,8,08-08 07:39
364,亏得找不到家了,一米阳光1302,15,0,08-09 11:21
365,一片死水,n1428656107b1c398227,13,0,08-09 11:21
366,中药、西药：机构显示、三大机构拉高岀货、调仓换股、碰不得、赶紧逃离风险,飞黄积玉的小乔,25,0,08-09 11:20
367,每天过来看一下，啥时候可以买证券了，啥时候入金，其他的都是扯淡。。。,慎点有毒521,21,0,08-09 11:20
368,再也不信所谓的牛市MD,淘金之客,24,0,08-09 11:20
369,医药板块的春天来了，满仓梭哈跑步进场！,牛牛快到碗里来,15,0,08-09 11:20
370,这是咋啦……,大王悠然来巡山,27,1,08-09 10:43
371,可以哦，这市场活跃的还行[笑哭][笑哭][笑哭][抓狂],赞我的人赚大钱,74,2,08-09 11:15
372,服,三个干,65,2,08-09 11:16
373,除了券商一片死气沉沉,美好的高港,70,3,08-09 11:07
374,营长看医药反腐之黄金坑（1）,陈营长极品投资,8206,55,08-08 11:16
375,4200支股票待涨！！！！！！！！！！！！,草根经济学老师,24,0,08-09 11:19
376,说好的牛呢,盆满斗金的明月心,10,0,08-09 11:19
377,高开低走是谁的专利产品,炒股就是瞎扯蛋,19,0,08-09 11:19
378,跌啊,股友5WY7550792,16,0,08-09 11:19
379,胡锡进，快点来点评市场吧,红A游击队,11,0,08-09 11:19
380,2023-8-8总仓位61.95%盈亏+4.24%加仓持股43交易日成本24.5,低头看天,1424,27,08-08 03:22
381,模拟两个月翻倍，实盘亏了几大千[哭],Y一路长虹,27,0,08-09 11:19
382,内资不要犹豫，继续加大力度保持。争取完成六百亿,I不停涨,26,0,08-09 11:19
383,不要的,依窗观潮,17,0,08-09 11:18
384,心累，亏了20万。。。主力救救我啊吧，亏了20万，还没娶老婆,绿绿绿很环保,609,21,08-09 10:31
385,一直这样没人跟你玩了,刺客不在山西,21,0,08-09 11:18
386,A股下午走势已定！上午缩量调整，下午必然会这样走！,爱股先生,86,0,08-09 11:18
387,增加了一个“华虹”，还是这点量！可想而知！,扬为人,10,0,08-09 11:18
388,还有80点回头,zhengYY3902,21,0,08-09 11:18
389,空仓，空仓，空仓,长牛齐天,27,0,08-09 11:18
390,3250比3140的时候还多赔了几万,江湖人称满仓干,33,1,08-09 11:12
391,牛市结束了？各回各家，洗洗睡吧,知足常乐cash,65,1,08-09 11:16
392,截止11.18分内资诸够流出200亿。,不再犯同样的错,28,0,08-09 11:18
393,就这让人相信牛市来了？？？,股海揭金,83,3,08-09 11:10
394,牛市？？呵呵呵,我要改名了老铁,77,4,08-09 11:07
395,我昨天说什么来着？a股两年半来下跌程度最深时间最长的板块——医疗板块的止跌反弹标,俊秀之小山竹,73,2,08-09 11:08
396,可以涨，但是得先把散户踢下车，这就是[旺柴],牛犇犇,63,0,08-09 11:17
397,来吧开始表演吧[捂脸][笑哭],NDYD1,15,0,08-09 11:17
398,涨一天跌四天？,癸某年旺财发财啊,10,0,08-09 11:17
399,牛又跑了[为什么][为什么][为什么],小和尚乖乖乖,34,0,08-09 11:17
400,。。。。,足智为富得若素,22,0,08-09 11:17
401,牛市要来了，大家赶紧加仓[偷笑],股海无涯苦作舟丶,21,0,08-09 11:17
402,港股受制于美元离岸人民币，把港股拉上去大a才有希望，年初的行情就是从港股腾讯开始,足智多谋地老顽童,21,0,08-09 11:17
403,【8月9日星期三重点关注：即将迎来爆发的三大板块及个股！】,预市先知,1355,4,08-09 07:01
404,大A真,湖中1263,16,0,08-09 11:17
405,引导扶持的房地产动能消耗完后，缺口必补的规律也快要实现了，中小投资者不跟随的概念,顺势而为1314168,17,0,08-09 11:17
406,存量资金就这些，一会儿打打这个板块，一会儿拉拉这个板块，量不起，走不远,n828413679984640,127,3,08-09 11:03
407,8月4日（周五）壹哥操盘策略,财经壹股红,1738,22,08-04 08:53
408,林州重机涨停，个股异动解析：机器人+煤炭设备+摘帽+虹膜识别1、公司与中科院自动,深海巨龙,1630,3,08-03 07:28
409,让股民都赚钱,拿住一片喇叭花,40,1,08-09 11:12
410,浙江道教学院：每年招全日制本科60人，学费全免，包吃包住包分配！,白马飞奔黑马过林,54,0,08-09 11:16
411,【射冰复盘】8月8日-买买买！,斗室射冰,551,8,08-08 10:39
412,前几天喊的那么嗨这,股友p8073f5970,24,0,08-09 11:16
413,就这点钱,韩小七,23,0,08-09 11:16
414,一晃，一年过去了，大盘跌了500多点。现在的位置是底部区域了，按计划继续寻找下一,熊吃人,385751,7652,10-13 03:21
415,双龙出海，倒车接人，调仓良机现,述心丶,120,0,08-09 08:54
416,狗内资一上午就跑200多亿,三块钱花五天,13,0,08-09 11:16
417,大盘没怎么跌，我的账户跌了20%，我没办法活跃。,镰刀弯弯,31,1,08-09 11:11
418,拉稀了，快跑,住系来了也是韭菜,16,0,08-09 11:16
419,汇率就是压在股市上的一座山，从汇率看经济面，想涨不是凭口扯，指标那是人性做出来的,n143416103903419,31,1,08-09 11:09
420,下跌牛[大笑],波段绝技,31,1,08-09 11:12
421,这行情玩什么？还不如睡大觉,明知山里,37,0,08-09 11:15
422,不是回踩，就是在回踩的路上——8月8日基金买卖参考,雨泽天下,829,4,08-08 02:39
423,靠整天忽悠玩不转了，[呲牙][呲牙]散户现在亏的猴精猴精了！,雨潇潇风飘飘,6907,345,07-10 11:42
424,太沉闷了，除了医、药品反弹，毫无生气和热点。[滴汗],袅上青云,21,0,08-09 11:15
425,重大利好海鸥住工：为了更好的实现人机交互公司目前主要在部分温控器产品中加入语音模,股友153120fV21,16,0,08-09 11:15
426,一边喊牛市，一边狠命跑，真牛[捂脸],zts33,59,1,08-09 11:10
427,顺势而为,神剑SUN,492758,6721,03-06 09:08
428,汽车医药地产证券，你是会拉的,细心信心,32,0,08-09 11:15
429,这市场也够活跃了[哼],发奋图强得睡莲,64,1,08-09 11:06
430,自从7.24日要搞活证券市场来，我的账号天天是绿的。还是别搞活了。,gz鸽子,28,0,08-09 11:15
431,还继续套人，怎么好的了。,顾无崖,14,0,08-09 11:15
432,上午半死不活！下午飞流直下！闹着玩呢？,股友za1EAH,18,0,08-09 11:15
433,不管你咋样洗，你也是个脏东西。,零和博弈668,61,1,08-09 11:10
434,地产连续多天下砸，板块一度涨幅第一，说明主力资试盘流入明明，明天医药有跌地产接力,夜F0VJ75,16,0,08-09 11:14
435,奄奄一息！死气沉沉一点不为过！！！,股友zHjN55,19,0,08-09 11:14
436,谁在赚钱啊,kimgoen,113,4,08-09 11:00
437,我讨厌药不能停的行情，其他板块都动不了了。大盘跟死猪一样，连续几天都在阴跌，啥时,葱鸭要涨停,29,0,08-09 11:14
438,利好马上就来了大家一定挺住，挺住！,股友6Y20268f96,10,0,08-09 11:14
439,250守不住，必破无疑！熬吧，没实质利好大家一起熬吧！！[滴汗][滴汗],股友380brV,12,0,08-09 11:14
440,不出实质性政策活跃市场，下周会暴跌,一路随行,19,0,08-09 11:14
441,！,山中一老农,9,0,08-09 11:14
442,为维护市场稳定向上，建议大股东对持股少于51%民营上市公司有地方国资委监管企业行,红亿發,802,62,07-18 09:49
443,就这德行还牛市？跌五天,人在江湖31,32,0,08-09 11:14
444,再回3000点。,股友dVaoqE,19,0,08-09 11:14
445,从PPI下降看经济基本面,价值引力场,67,0,08-09 11:13
446,哈哈，反腐利好医药，下半年是医药的天下。,主力带我吃肉肉,56,2,08-09 11:08
447,真塔吗恶心,股友50636Gu529,22,0,08-09 11:13
448,连跌4天优秀。,湖南玩家,18,0,08-09 11:13
449,大盘很活跃，都赚钱了？,木甲林,17,0,08-09 11:13
450,3164的缺口必补,追涨杀跌翘楚,19,0,08-09 11:13
451,头脑一热被忽悠进来了，眼前一黑割出来了。消费个鸟啊[好困惑],n14080002814c29e2119,16,0,08-09 11:13
452,上证指数看年线啊，20年均钱是底部，政策底。,股友rzWcWX,21,0,08-09 11:13
453,融券做空业务不取a股永无牛市！,丰收的季节A,24,0,08-09 11:13
454,保3250有意义吗？,金银LLL,35,0,08-09 11:13
455,这波行情主线是医疗。,庚辛金盘股,46,0,08-09 11:13
456,又是一新题材,股友06V990Y630,32,0,08-09 11:13
457,量缩的有点多，成交量太低没啥机会,橘子代王,34,0,08-09 11:13
458,什么玩意儿！,n14356752075b2d2,13,0,08-09 11:12
459,A股的常态就是主力天天净流出几佰个亿，个股三千多只下跌！天天探底日日跌，才见翻红,股友sBQgtF4296,18,0,08-09 11:12
460,券商行情还是要看大权重股的表现,完美百分百,90,0,08-09 01:23
461,继续半死不活,基民tonBUE,14,0,08-09 11:12
462,今天也就这样了，没有大跌已经是万幸了。大概率两市成交量又要到8000亿以下,小白Jeff,41,2,08-09 11:08
463,要点脸吧,股友G3P6bQ,12,0,08-09 11:12
464,暴跌之后医药板块到底了吗？,雨泽天下,1629,9,08-08 05:03
465,就这样吧，每天也不要考虑什么主线，次线就看每天板块最强就行了，药今天猛但也离不开,老股民马哥,75,0,08-09 11:12
466,明天黑4破3200,非法字符7,19,0,08-09 11:12
467,大A涨不涨，还得看白酒；白酒拉一拉，大A爽到家,屠灭四方,40,0,08-09 11:12
468,不出意外，内资机构今天上午又活跃200亿。,HX7C9B8,27,0,08-09 11:12
469,简直，什么活跃资本市场！,c1484181418846867,18,0,08-09 11:12
470,看好3150，并持续看好3000，最终看2700,罗斯啊罗斯,26,2,08-09 11:06
471,毫不犹豫坚定信心满仓干！今年一定会到起点4000的，真的不会再骗大家的。,n326413441365000,35,1,08-09 10:57
472,指数没有变化，账户每天平均下跌0.几，不知不觉钱就没了！安乐死！快绝望的时候又暴,股友7038L6R605,12,0,08-09 11:11
473,说五穷六绝等七翻身，结果七月是煎完正面翻身煎反面，接着说七月不行了还要等八月，后,不要追跌,32,0,08-09 11:11
474,券商强势，传媒领涨——8月7日部分主题行业基金买卖参考,雨泽天下,517,2,08-07 01:12
475,指数涨的时候没赚钱，指数跌的时候都没少亏吧,股友027F72z836,38,0,08-09 11:11
476,哦豁，又套一批[吃瓜],皮卡柴,34,0,08-09 11:11
477,A股：盘后两大利空袭来，明天能否修复成功，做一个预判！,洪帮主,1370,9,08-08 10:30
478,让我们这些散户真正理解一下，什么是越有钱的越有钱,堆金成章的尔泰,25,0,08-09 11:11
479,牛来吃韭菜了[兴奋][兴奋],怕股票,20,0,08-09 11:11
480,3250关键位，不能有效跌破,三好论股,55,0,08-09 11:11
481,现在来看，多空还是在环绕着3256-和3238之间争夺[怒]#券商股行情结束了？,捂股丰登i,14,0,08-09 11:11
482,每天暴跌,股友95M93513z9,12,0,08-09 11:11
483,厦门港务60日线支撑到位了，可以买入了，加油加油干上去,股东做短线,22,0,08-09 11:11
484,天天就是TM全绿,股友EVfpJk,17,0,08-09 11:10
485,歇口气，下午再来,LuoShu,27,0,08-09 11:10
486,金融板块退潮，超跌软件科技 资金流入明显！以及消费题材+暑假 旅游酒店机场食品！,夜F0VJ75,115,3,08-07 02:56
487,本月3400可期待，国运,大章鱼侠,15,0,08-09 11:10
488,跌差不多快涨了，但是注意切换！（20230808复盘）,大然玩股,317,1,08-08 11:13
489,打算割肉么看空就能赢90%,股友8932i5R186,57,1,08-09 11:03
490,大盘整体跌幅不大，但是个股有三千六百多家下跌，搞笑吧[笑哭][笑哭][笑哭][笑,格物致远,52,0,08-09 11:10
491,A50挺强呀，,峰道至简,27,0,08-09 11:10
492,五楼的喊话“活跃资本市场，增强投资者信心”后，7.25和7.28两根长阳作为市场,大雾迷踪817,258,1,08-09 11:02
493,利好在路上，大饼五彩缤纷,梦里翱翔,29,0,08-09 11:10
494,今天又没希望了！股民广痛苦颠熬着没完没了？,股友71887MU510,35,0,08-09 11:10
495,退出，退出，退出，重要的事说三遍。。。已经了,摩根说不适合投资,10,0,08-09 11:09
496,感谢大摩让我减仓，跪谢,老土豆wang1659,20,0,08-09 11:09
497,只有券商和地产企稳大盘才能止跌[摊手][摊手][摊手][摊手],永旺向钱,24,0,08-09 11:09
498,就是让你无法猜到该哪个板块什么时候开始上涨[旺柴],堆金成章的尔泰,38,0,08-09 11:09
499,牛皮还牛市,逆向卖买,27,1,08-09 11:03
500,怎么搞的？真的不行了吗？,n326413441365000,41,0,08-09 11:09
501,目前 超跌食品股、纺织服装、旅游酒店、 超跌软件比较强势，资金流入明显！,夜F0VJ75,82,4,08-08 10:39
502,周一盼周二上午盼下午一天盼一天，天天失望,股友03U918223A,21,0,08-09 11:09
503,每天十一点先小跳一下，下午再大跳一下,一念皆星河,19,0,08-09 11:09
504,促销费，让散户赚到钱。。。,亿坊天007,32,1,08-09 11:06
505,要科学合理的保持IPO，再融资常态化[大笑][大笑][大笑],红午Red8ull,25,0,08-09 11:09
506,大家不用慌，大量资金已经在路上了，快到啦[旺柴],浪里白条007,39,0,08-09 11:09
507,九层的票都在心电图模式！,财源利市地李秋水,16,1,08-09 11:01
508,继续看大金融表现！反弹！,lee777799,424,14,08-08 09:27
509,本周跌破3200就好了，哈哈,老土豆wang1659,17,0,08-09 11:08
510,靠创业板拉大盘,香域半山,21,0,08-09 11:08
511,科技是第一生产力[坏笑],乐呵呵的葡萄,38,0,08-09 11:08
512,再探3246,基民nzxHPg,22,0,08-09 11:08
513,这垃圾感觉，没得救了,UIYUYIU7168,16,0,08-09 11:08
514,活跃市场！,股友9Sb5pR,63,1,08-09 11:05
515,50支自选！7个红，怎么这些票动都不动,股友gGU1F1,15,0,08-09 11:08
516,天天跌,耐心点哦,24,0,08-09 11:08
517,向上大跌,全军覆没,23,0,08-09 11:08
518,永远不要对任何保持希望,一个开心的boy,47,0,08-09 11:08
519,中央国家政策利好、基金必然跑步进埸、历史大底区间,飞黄积玉的小乔,29,0,08-09 11:08
520,安居宝可以进入了,qulanlan,24,0,08-09 11:08
521,不破3100不买,股友l8929A5135,21,0,08-09 11:08
522,主力夹着尾巴逃跑了,宫爱马7491,31,0,08-09 11:08
523,我这个月红了3天，跌的比涨的都多，这个股市没法玩，就当大消费了退出了,顾大局得独角龙,14,0,08-09 11:08
524,关注医药类股，今天贯穿线。,个股开盘八法千牛,322,6,08-08 11:03
525,天天跌,千秋雪79,18,0,08-09 11:07
526,没有赚钱效应，哪有增量资金？,股海无涯80,16,0,08-09 11:07
527,从股市中赚钱，我哭一会。我当真了。,青海湖之神,14,0,08-09 11:07
528,变太股市,黄金导弹,24,0,08-09 11:07
529,创业板指数做成红的，还是三分之二以上个股下跌！,湘水余波2018,15,0,08-09 11:07
530,指数回去一点再下来，我的股票跌的更多了，5个点了跌，感觉要跌停了,定一个亿的小目标,14,0,08-09 11:07
531,下午两点半以后还要杀跌了，这次杀完就可以参与了了,股东做短线,38,0,08-09 11:07
532,神秘力量压制这大盘，拉起来立马砸下去。,股友536eR76988,15,0,08-09 11:07
533,股民都没钱了，都套着呢，谁还敢投吧,股友Z33058X082,14,0,08-09 11:06
534,这大盘一天天地都在干啥,落草的凤凰,17,0,08-09 11:06
535,这大半年权重涨上天都不回调，这不是牛市是什么？可惜就我买的股大盘涨不跟，大盘滞胀,回本马上销户,36,0,08-09 11:06
536,真的是无语，终身悔恨,股友cU5lFy,22,0,08-09 11:06
537,八月，打响至获利...（08-01）,心依旧_wang,721,31,07-31 06:07
538,真没想到，大盘还有贴吧？还这么多人发言？,基民182G6Y9551,22,0,08-09 11:06
539,不满仓，不空仓，跟大A磨……,股友DHjUs7,55,0,08-09 11:06
540,2023.8.7复盘,鹏哥仗剑走天涯,909,12,08-07 03:13
541,cro创新药，市场主力资金继续拉升这些,股友6lfIxP,22,0,08-09 11:06
542,说好的活跃市场的呢？？都玩跑得快吗？？,波段T哥,271,15,08-02 10:53
543,888,芦lw苇,10,0,08-09 11:06
544,7月经济数据出炉，解读如下最新数据显示，7月份，全国居民消费价格同比下降0.3%,一枚小游资,60,0,08-09 11:06
545,内资一个上午不到资金流出近200亿。可鄙！可恨！,股友nHk9mW,12,0,08-09 11:06
546,3236这么不肯去？,空仓等待拐头行动,12,0,08-09 11:06
547,怒吼吧,n1431677855aedde4829,17,0,08-09 11:06
548,周三A股独立，这里将决定反弹能否继续！,雨泽天下,531,4,08-08 11:46
549,还想挣点饭钱呢,沉着de大锦鲤,14,0,08-09 11:06
550,大盘要去补3178点的缺口了，看样子是这样的。,梦若神机v,11,0,08-09 11:06
551,说句实话，大家都明白，说是活跃市场，大家都知道的利好，根本不可能为散户抬轿，说白,人陌陌摸摸,22,0,08-09 11:06
552,美元软，你也硬不起来,ToyX,13,0,08-09 11:06
553,严查投机的,做回自己的,13,0,08-09 11:06
554,一群韭菜天天喊券商跌，这下好了跌了，你特妈亏的更多了吧[哈欠],不吃章鱼不NB,11,0,08-09 11:05
555,今天我没有赔钱超过多少兄弟,pxj1996,30,0,08-09 11:05
556,没庄的古一路跌 有庄的也不敢拉升,股友oy69288307,24,0,08-09 11:05
557,活跃资本市场，让投资者有一个满满的获得感！,ljmdyqlyh8377,9,0,08-09 11:05
558,三千多家下跌才是常态，哈哈哈,梭哈必亏,37,0,08-09 11:05
559,光电科技可以参与了，下午两点半以后买入，明天是黑色星期四，可以再加仓了,股东做短线,44,0,08-09 11:05
560,老子《道德经》中最重要的一句话和最核心的思想体系是“反者道之动、弱者道之用”，事,康66311,320,4,08-08 03:50
561,基金就是赔钱的货[吃瓜][吃瓜][吃瓜],基民202019,43,1,08-09 11:01
562,一根大阳线涨起来让大家看到牛市，然后回调一点一点套牢散户，然后散户割肉离场，然后,缠中说禅传人,226,7,08-09 10:28
563,天天拉贵州茅台又意义吗,股友K6Gftz,91,3,08-09 10:58
564,想回本好难，搞来搞去的，真是太难了,股友25061m1K26,65,1,08-09 11:02
565,你们的账户连续绿多少天了？我的7月红了4天，本月红了一天。你们的呢，听说一切向好,丷哈基米丷,114,6,08-09 10:50
566,放量上攻失败就下来补缺口咯，但牛市初期观点依旧不变，大盘调整的时候板块在做高低切,沉稳冷静自信,44,0,08-09 11:04
567,这股市没人敢投资,紫荆药业,24,0,08-09 11:04
568,中国股市不活跃，应该低价低市盈率破净的国企央企开始比如银行，所有正式员工不发工资,和气生财de达摩,109,2,08-09 10:52
569,2023年8月9日中国外汇交易中心受权公布人民币汇率中间价公告,白马飞奔黑马过林,434,1,08-09 10:20
570,永远不会上去的，券商已经不行了，现在拖累指数,善良的席顺昊,25,0,08-09 11:04
571,下午大跌,红绿龙弹焰,29,0,08-09 11:03
572,拉都没拉就开始割，个股真惨,股友8p357122C5,141,5,08-09 09:51
573,别进，下午大跌，散户都变精了,控制不住自己个,41,0,08-09 11:03
574,大盘一幅生无可恋的态势,明灯高照,23,0,08-09 11:03
575,3250,浪里白条007,27,0,08-09 11:02
576,短线目标：3456点～3480,科创金砖,33,2,08-09 10:54
577,应该少不了一个市场底吧,股舟剑侠,24,0,08-09 11:02
578,太难了，3300也许是不可逾越的，过了必须回来。,巴氏投资人,49,0,08-09 11:01
579,我呼吁A股散户千万不要上当接盘，都离开股市，大家快跑快跑快跑快跑,基民IDRTcs,41,1,08-09 10:58
580,说大盘和个股，深成为例：日周线形态没问题但量不够，两次冲击6.16-6.20号平,吉祥广进风清扬,1906,65,08-08 07:31
581,跑,基民emdulS,25,0,08-09 11:01
582,不要操纵市场,三国演义赌城风云,20,0,08-09 11:01
583,喝酒吃药,招财富贵的秦歌,28,0,08-09 11:01
584,8月8日李大霄：一轮没有人相信的大国牛渐行渐近,白马飞奔黑马过林,67811,1489,08-08 02:30
585,还有科技板块吗？,炒股不如炒房,17,0,08-09 11:01
586,同志们cro资金进的多,股友6lfIxP,58,0,08-09 11:00
587,11点，要变方向了？,胖胖的一个人,57,0,08-09 11:00
588,满仓医药房地产,三起三落遇满江红,50,2,08-09 10:54
589,看看港股，好吗？,niu熊谁知道,25,0,08-09 11:00
590,港股翻红了[加油][加油]加油,是虎不是猫o,43,1,08-09 10:57
591,买,中信小跟班砸大盘,23,0,08-09 11:00
592,过去救市拉升两桶油，现在可以拉升三个电讯股，试想一下，这三个股连拉3个顶板不退潮,股友bmUeuV,31,0,08-09 11:00
593,大A挣钱太难了，跳水第一名,看书炒股,22,0,08-09 11:00
594,股海博弈--------如何对付总庄、大庄、小庄？？？,股友P6O8090620,2250,249,07-07 10:08
595,拉茅台和银行稳指数发新股！[空仓],帕累托最优,34,0,08-09 11:00
596,光电科技调整到位，即将开始新一轮上涨了，今天下午2点半后可以参与了,股东做短线,39,0,08-09 11:00
597,后市慢牛拉升,易拉升,52,3,08-09 10:54
598,继续看空！,如言笔记,2366,48,08-07 08:44
599,绝大多数股票受伤后情绪稳定。！,印老韭,43,0,08-09 10:59
600,中国大牛市终于来了啊啊啊啊啊啊啊啊啊啊啊啊啊啊啊啊啊啊啊啊啊啊啊啊啊啊啊啊啊啊啊,CsbyWdgpDzAmtf,112,5,08-09 10:39
601,假外资刻意护指数,PanraBlog8,50,0,08-09 10:42
602,看这样子，明天还得跌一跌。,认真负责de吃草,42,0,08-09 10:59
603,仓重者与庄共舞减仓兑现为主。,股友3720Y112u6,64,1,08-09 10:56
604,3250保卫战多空正在激烈交战,掐指算涨停,36,2,08-09 10:07
605,港股不装了,基民nzxHPg,33,1,08-09 10:54
606,牛市哪去了？,小散不散场,37,3,08-09 10:50
607,行情食之无味，看戏！,股友IP2Dvm,40,0,08-09 10:58
608,紧急提醒：短期市场最后一杀！,普通人神预测,106,6,08-09 09:43
609,资金选择了药，证券地产别想了,释然1,23,0,08-09 10:58
610,亏惨了，自从说要活跃证券市场开始，这个月亏了10万了，比今年其他月份都要亏的多，,股票涨起来,395,15,08-09 10:45
611,[惨!关灯吃面][惨!关灯吃面][惨!关灯吃面]大盘要翻红了，我的还没动，涨的什,炒股挣买肉,13,0,08-09 10:58
612,周三盘前策略08~09,龙哥论市,903,17,08-09 08:38
613,咱不是牛市吗？难不成是牛？,请叫我小八锅,75,4,08-09 09:45
614,今日操作分享：大幅加仓国华网安中马传动维科精密清仓止盈中科磁业山水比德今天先这样,渔儿水中游,1270,28,08-08 03:12
615,今天看来要秀一波了,股友mjy5489,17,0,08-09 10:57
616,安妮小肉！恒银吓跑（格局小[笑哭][捂脸]）激进“神奇制药“能否神奇！？认运气[,财源多谋地任我行,40,0,08-09 10:57
617,人口老龄化，医药崛起，国之利器,FTHGZZ,37,0,08-09 10:57
618,最近大V们都不看好医药，老师们，到底现阶段医药怎么样啊？,y2019友2019,16,0,08-09 10:57
619,a股没戏了，请谨慎对待自己的钱。,土豆哥哥6,23,0,08-09 10:57
620,【0809今日大盘】昨天收盘离计划的目标点位3266点少了6点，走势稍欠完美。今,广东粤意,452,17,08-09 08:59
621,招商证券金融债策略集之一：“寻价”二级资本债,可转债ETF_511380,38,0,08-09 10:57
622,拉指数，个股基金暴跌，真的恶心人，这，涨的时候磨磨唧唧半天还是收绿，跌的,懂得分享之李寻欢,12,0,08-09 10:56
623,医药股涨了？神奇不？,沙漠一滴水,44,0,08-09 10:56
624,就我在半导体死扛吗？亏了半年了，每天四五万，还咋办呢，没有子弹咯,股友7i6899929J,43,0,08-09 10:56
625,医药再套一波，然后散户就都被套住了，可以一路向下了,看情绪炒股,44,0,08-09 10:56
626,明天星期四,股友WSnw0b,21,0,08-09 10:56
627,到底有没有能力让股市走牛？？,爱爆料的小公主,29,0,08-09 10:56
628,涨证券地产酒，指数上去了，手上的股跌的一样……,股友l3lF0u,14,0,08-09 10:55
629,5分钟先看反抽3275,牛犇犇,47,0,08-09 10:55
630,与朋友聊股票……1、今天与一朋友聊起了股票，这位朋友入市5年左右，炒股基本都是亏,潇潇先锋,726,5,08-07 08:45
631,A股生存录之收盘总结（2023年8月8日）,鹰兄本色2030,556,21,08-08 03:08
632,不要操纵市场，让市场自然涨跌好不好,三国演义赌城风云,34,0,08-09 10:55
633,有刁用，拉一个票,庄比我耐心,10,0,08-09 10:55
634,相信摩根士丹利的信用,股友332Y80C081,18,0,08-09 10:54
635,券商已死，请问谁来救大盘？,去人最多的地方,36,1,08-09 10:52
636,我的神哪，再有钱也遭不住,到底有没有门,13,0,08-09 10:54
637,总发现一些专家实盘回撤还说的振振有词！归结大环境不好？遇事不从自身找原因？人要行,盗天机知行合一,178,7,08-08 07:06
638,开盘看好，第二分钟买入,炒骨旅游,157,8,08-07 09:03
639,终于被港股甩身后了,股友kunn6q,22,0,08-09 10:54
640,今天A股大盘低点是3246明天应该会冲高回落跌破3230A股大盘跌破3230恒指,股动说股,404,10,08-08 04:06
641,股市还要跌了，要回到2800点了，哈哈,dashi66,32,1,08-09 10:50
642,医药立即切换到买“保立佳301037”,扫描黑马,24,0,08-09 10:54
643,"策略|吊炸天！A股突传重大利空,明天A股将下跌？",龙行天下虎L,5320,30,08-08 10:08
644,这就是专家们说的牛市来了,东方君龙,50,1,08-09 10:51
645,没吃饭吗多跌点,海城最惨的韭菜,23,0,08-09 10:54
646,股市跌的越狠，内资跑的越多。证明反复力度大，成果越明显。这个矛盾不可缓解。今年内,现实面还信你,21,0,08-09 10:53
647,增量从何而来,江浙沪柚子,73,1,08-09 10:49
648,如果管不住手！这个月我估计资金腰斩的会很多！包括游资,超短线007,31,0,08-09 10:53
649,完了完了跑跑跑跑,股友PknqO7,17,0,08-09 10:53
650,呼叫李大霄你在那,股友zifkOh,33,3,08-09 10:44
651,谁在做,gulaodao,45,0,08-09 10:53
652,啊啊啊啊啊啊啊啊啊啊啊啊啊啊啊啊啊啊啊啊啊啊啊啊啊啊啊啊啊啊啊啊啊啊啊啊啊啊啊啊,CsbyWdgpDzAmtf,41,0,08-09 10:53
653,牛市第一跌开始了。,股友0T63c85750,94,2,08-07 01:13
654,从今天券商走势来看，券商走得非常的稳健，每天都有券商的个股涨停板，我相信券商的序,奇点1989,957,2,08-03 07:50
655,这三天每天跌3500个个股下跌，涨一天跌四五天，这尿性…,惊天一笔来8305,30,0,08-09 10:53
656,$上证指数(SH000001)$,韭你莫属,107,12,08-09 10:39
657,把钱拿走把散户留在里边一地鸡毛。擦。真的是坑。我一定不会建议身边人进来炒股买基金,股友8932i5R186,24,0,08-09 10:53
658,看KDJ下午要下来[哭][哭][哭][哭],望京华x,41,0,08-09 10:53
659,拉券商只是空中楼阁，无银行板块支撑，必会暴跌回来！,沪23932417953335,21,0,08-09 10:53
660,筑了个3246的底,从不看股票,61,2,08-09 10:50
661,指数震荡几天，钱一直在减少啊，兄弟们。,绿绿绿很环保,34,0,08-09 10:53
662,现在大盘3250，但账户市值比3200时少了1.1％,股友50837K582f,30,1,08-09 10:47
663,哈哈哈牛来了[再见],股友7661g86y07,21,0,08-09 10:52
664,今天又是三千四百家,基民Xf5d8m,60,2,08-09 10:44
665,清仓了不买了你们玩吧牛呵呵,巴菲韭888,30,0,08-09 10:52
666,哈哈哈哈,基民W0Dxnh,16,0,08-09 10:52
667,这指数也没跌多少呀，怎么持仓全绿[哭],复利哥777,127,4,08-09 10:45
668,拉证券银行大家就赶紧逃命！,asc0asc,47,0,08-09 10:52
669,活跃股市只不过打了针强心针。,n142579010395f8e,25,0,08-09 10:52
670,很好！内资今天早上只跑了160多亿。,回本9销户,15,0,08-09 10:52
671,把发行市盈率调低，中签改成100股,猎庄如意,15,0,08-09 10:52
672,都是假的吧！！！,余小二,23,0,08-09 10:51
673,中国人不骗中国人,我是韭菜苗a,24,0,08-09 10:51
674,打到昨天低点，再次证明这里是有支撑的，指数止跌的意思，个股继续跌成狗，上午能稳住,我不是香克斯,38,0,08-09 10:51
675,太平洋不动大盘难以成为牛市！,第一报到,76,1,08-09 10:49
676,只是活跃一下，没说要涨,厚德载物生万物,43,0,08-09 10:51
677,涨一天跌半个月大牛市,张三石,11,0,08-09 10:51
678,大茅护盘有力哈哈,不为所动666,12,0,08-09 10:51
679,在混日子，过一天是一天！,扬为人,32,0,08-09 10:51
680,喊着牛市来了，发现又没量了，没量就只剩电风扇到处轮动，追高的都亏也就没人追高了，,超短丨就是玩,684,16,08-08 03:12
681,市场将迎来一波快速上涨,龙腾牛跃2020,539,15,07-20 11:51
682,汽车饰件12亿新23转债申购早知道,投资可转债,402,2,08-09 08:24
683,拉高就走，连着回调几天就进、只要盈利啥时候走都是对的，现在行情比较特殊，还在磨人,内蒙老牛,88,1,08-09 10:34
684,老HU咋样了,焦头烂额,16,0,08-09 10:51
685,散户尽力了，正局不也就能挺几天,真诚地急先锋,28,0,08-09 10:50
686,僵尸！,扬为人,12,0,08-09 10:50
687,#医药领域反腐正驶向深水区##氢能产业体系建设指南印发##一线楼市优化调整政策要,曲终人散000,17,0,08-09 10:50
688,金信精选成长混合C（018777）重点关注处于成长期的上市公司，紧密跟踪公司所处,绝佳宝地赏花灯,30,0,08-09 10:50
689,呼叫李大霄你在哪做好人买好股,股友zifkOh,43,2,08-09 10:46
690,活跃资本市场前景广阔！大宵说了这是最后一次洗盘中国牛来了来了！,和气有余的李秋水,36,1,08-09 10:47
691,如果开不下去，就早点关了吧，恢复每个人的初始入金状态。,ojbk没问题,77,3,08-09 10:44
692,天天死气沉沉，趴3000点快20年了，也该醒了吧,n741213685832464,49,0,08-09 10:49
693,券商渣独立操控指数，还能怎么做？清仓等券商调整过再进啦！！,lianganrenjiafan,19,0,08-09 10:49
694,#医药领域反腐正驶向深水区#医药医疗不腐败,东财网友7432513726890434,11,0,08-09 10:49
695,短期市场遇强支撑，即将上涨，切不可在此割肉，否则，你将再次追涨。,普通人神预测,83,4,08-09 09:53
696,怎么办,小猫爱孔方,21,0,08-09 10:49
697,落底了5分钟反弹,牛犇犇,22,0,08-09 10:49
698,死猫跳行情,低吸止损,13,0,08-09 10:49
699,大家都通过股票赚到钱了吗[旺柴],agytdb,13,0,08-09 10:49
700,还是交易意愿不强，市场不活跃,股友uVIvtJ,24,0,08-09 10:49
701,券商保险依然保持强势，积极买入耐心持有,东财网友6693513626511626,21,0,08-09 10:49
702,做空大A，永远是对的，为什么不让散户做期指是有道理的，割不到韭菜了,火烧股市旺旺旺,19,0,08-09 10:49
703,有些人呼吁政府减免证券交易印花税，其实这样做对股市起不了多大的作用，我强烈要求不,h98潮汕T哥,106,3,08-09 08:10
704,大牛市，1万点,bnmmnb905,838,13,06-30 11:31
705,难做了，躺赢不了,宝宝资本,15,0,08-09 10:48
706,高市盈率发新股不可取，市场没有充沛的资金高位接盘，以致大盘一直徘徊不定，新股发行,沪R8763M,59,0,08-09 10:48
707,嗯，让大家都能在市场赚到钱，真牛,保本求赢莫要贪,21,0,08-09 10:48
708,暗手来也！韭菜哭爹喊娘！[奸笑],白白胖胖的韭菜,10,0,08-09 10:48
709,创业板率先走强,三起三落遇满江红,12,0,08-09 10:48
710,啊啊啊啊。。。你,云上高公,17,0,08-09 10:48
711,7月到8月，就没赚过钱,绿绿绿很环保,68,1,08-09 10:01
712,今天各股杀伤力太大了！,股友975f686r89,40,0,08-09 10:47
713,抄底！抄底果断抄底！有重大利好！抄底！抄底果断抄底！有重大利好！,股友153120fV21,12,0,08-09 10:47
714,走啊兄弟们，开滴滴去,我想买美股,10,0,08-09 10:47
715,隆基绿能光伏充电了,整洁的祝淳美1,39,0,08-09 10:47
716,今天不变盘明天也得变,马丁未,12,0,08-09 10:47
717,哈哈，不好意思，被我抄底了医药,等择2023a,34,1,08-09 10:42
718,A50都上冲翻红，你还等啥？！,风轻云淡9989,28,0,08-09 10:47
719,指数稳住了，我的钱没了,昵称被取完了,14,0,08-09 10:46
720,指数稳住了，我的钱没了,昵称被取完了,14,0,08-09 10:46
721,让人绝望的市场，建议不要炒股，都把钱取出来,stockgan,88,2,08-09 10:34
722,云南白药销售费用大于净利润，在医药行业少见，还不跌。,价值投资收益者,56,0,08-09 10:46
723,14.66出了三分之一。剩下的在做观察！喜欢做中短线的可以点个关注！有问题也可以,连扳姐谈股市,468,5,08-03 09:56
724,上证指数，心中真的是五味杂陈，几天前的医药板块整体绝杀，今天来一个医药板块，集体,老布说股,102,1,08-09 10:44
725,清仓吧还能捞点渣。明天又是黑周四。,百赢百胜,50,0,08-09 10:45
726,因哈佛教授声称发现外星人存在证据，市场担忧地球文明的可持续性。预计周三A股受外星,风浪越大越精神,803,7,08-09 12:28
727,明天下午再出手，老美周四八点半公布七月CPI，大概率符合预期，跟随外围博个反弹，,乘风破浪er,84,2,08-09 10:41
728,明天全面反攻《带头的有这几个》你看准不准,股宗格局,224,7,08-08 09:21
729,明天还一个黑四呢[大笑],从20到100个w,13,0,08-09 10:45
730,瑞丰银行（601528）：高成长的农商银行、2023年的牛股！科技引领，驱动数字,股友9HSS8C,62,1,08-09 10:33
731,老乡，再坚持1小时,庄比我耐心,33,0,08-09 10:45
732,天天这样怎么行，对做空的人要大力处理；天天想着做空自己国家，能有什么作为！,签哥大神,111,4,08-09 10:38
733,这种操作？也不会把资金买进股市，买入基金，天天这样阴跌，是神仙也难赚到钱。,洋洋喜氣,76,3,08-09 10:38
734,持续缩量阴跌，寻找市场底的一个过程，大家耐心等,大A最后一个多头,18,0,08-09 10:44
735,好难阿,仁东经验,15,0,08-09 10:44
736,转发,高侠来,18,0,08-09 10:44
737,个股跌死，然后拉指数！个股继续跌！,针砭股弊,41,2,08-09 10:35
738,销户的股民越来越多了！没有人气了,回头太难ANN,24,0,08-09 10:43
739,指数回调不多，个股跌成了,翡翠有余的泰坦,21,0,08-09 10:43
740,不要抱幻想，一切拉起都是在诱多每天都有新低，也就是说你每天买进的都会在第二天被套,股市之玩尽杀绝,47,0,08-09 10:43
741,兄弟们不要骂街，被割也不是头一次了,炒股养家老碧等,40,0,08-09 10:43
742,每天超3000家公司下跌，符合预期,德一傲,14,0,08-09 10:43
743,做空A股永远都是对的,海城最惨的韭菜,12,0,08-09 10:43
744,这就是所谓的让散户挣到钱,小目标前进,29,0,08-09 10:43
745,反弹无力。,花开高升的无崖子,23,0,08-09 10:43
746,全面注册制下酒企不能跨行业借壳，只能选上市酒企中实现同行业借壳重组上市。,重组专业户,464,3,08-09 09:07
747,中国股市牛的逼啊啊啊啊啊啊啊啊啊啊啊啊啊啊啊啊啊啊啊啊啊啊啊啊啊啊啊啊啊啊啊啊啊,CsbyWdgpDzAmtf,62,2,08-09 10:41
748,天天绿，真服了[滴汗],白马股投资者,23,0,08-09 10:43
749,注册制下酒企不能跨行业借壳，只能选上市酒企中实现同行业借壳重组上市。,重组专业户,1547,8,08-08 11:32
750,控指数，杀个股，这周兄弟们难受么？,关东煮面条,14,0,08-09 10:42
751,内资狗五百亿起步,股友707u23k980,19,0,08-09 10:42
752,中欧基金葛兰：生物医学博士的“擒牛术”,白马飞奔黑马过林,280,2,08-09 09:41
753,主力消报怠工磨洋工,基民6DcS7s,18,0,08-09 10:42
754,天天手里的股高开底走，难道开盘我就要卖吗,股友08W8838X96,16,0,08-09 10:42
755,真是狗,筑底surge,11,0,08-09 10:42
756,天天玩指数，个股跌成,财神到财神到9,24,0,08-09 10:41
757,又拉证券了,默默地攒首付,34,1,08-09 10:36
758,能买大盘跌就发了,神勇小钢炮,79,5,08-09 10:28
759,赶紧跌，下来了补点,三国演义赌城风云,28,0,08-09 10:41
760,其实这种环境下拉也是白拉！,超短线007,32,1,08-09 10:37
761,需要来一针强心剂,全凭运气不可复制,22,0,08-09 10:41
762,来个大跳吧。早点杀到位置,不动韭菜,41,1,08-09 09:41
763,券商不拉就阴跌，时不时拉一下，又拉不起来，行情就这样慢慢熬。,股友23689A8h02,25,0,08-09 10:41
764,市场活跃了，拉券商股啊,我是一只溺水的鱼,25,0,08-09 10:41
765,拉点就砸！,股友6Y20268f96,15,0,08-09 10:41
766,牛市终于来了啊啊啊啊啊啊啊啊啊啊啊啊啊啊啊啊啊啊啊啊啊啊啊啊啊啊啊啊啊啊啊啊啊啊,CsbyWdgpDzAmtf,44,1,08-09 10:36
767,今天会翻红吗？,爆米发,27,0,08-09 10:40
768,黑嘴们：大牛市怎么不喊了！,股友622R67r097,21,0,08-09 10:40
769,天天亏啊扛不住了[哭],太美丽太美丽aaa,26,0,08-09 10:40
770,北向拉一下大盘就拉起来一点，不影响内资继续砸，没有北向这个市场会怎么样,定一个亿的小目标,37,0,08-09 10:40
771,茅台涨到一万，指数还是3000点！,YongL,15,0,08-09 10:40
772,8月份保存一成仓位不变九成资金观望休息为主，不恋战暴涨卖暴跌买短平快赚快钱为主。,股友3720Y112u6,14,0,08-09 10:40
773,汇市,ABC涨价,10,0,08-09 10:40
774,3250企稳引发的技术反弹，高度有限。不过豪哥的重心在港股，只有港股稳了，才有趋,豪哥探股,25,0,08-09 10:39
775,天天这么跌真受不了,zhanghan201,21,0,08-09 10:39
776,"华虹在国内的高价发行,对证券市场的两个功能正常发挥起到了很不好的影响!",lyffx,14,0,08-09 10:39
777,4000股下跌指数才跌这么点,全军覆没,11,0,08-09 10:39
778,大A股就是一个字牛！就是跌的很牛B,八三一野战军6705,20,0,08-09 10:39
779,大家一起绿,薅一把就走,23,0,08-09 10:39
780,我最佩服A股的地方就是买入后永远是最高价，跌几天后反弹从没超成本价，卖了亏印花税,Haha8686,299,8,08-09 09:38
781,牛在途中，科技兴邦,瞭望江山,1478,48,08-04 09:16
782,下午该跳水了,五行带金钱,26,0,08-09 10:39
783,最愚蠢的做法就是题材轮动，如果一直以人工智能为主线，其他跟着轮动肯定带起大盘来，,朋友Emf6TY,60,2,08-09 10:35
784,全市净4000支下跌，牛市来了，一定让散户赚钱,金玉满斗地子牙,42,1,08-09 10:35
785,谁教你空拉指数护盘的,与庄家打太极,91,2,08-09 10:33
786,我们到底在等什么，能等来什么？看到很多兄弟已经彻底不玩了，这和以往的下跌带来的心,牛不言顶,175,0,07-21 12:27
787,搓背行情,股友8580q7C901,21,0,08-09 10:39
788,明天大盘走势分析：目前阶段需要经历煎熬的岁月，时间换空间（大家记得点赞喔）,风浪越大越精神,1273,23,08-08 07:17
789,大A是道光，绿到你发慌~,如梭岁月L,26,0,08-09 10:39
790,大盘最恶心，之前拉这么多，个股还跌，现在天天绿，个股跟着绿，什么意思,小赚就够,18,0,08-09 10:39
791,亏40万，小意思！,扬帆起航乘风破浪,106,3,08-09 10:35
792,我到期货市场T+0,就是来拿你一点,33,0,08-09 09:56
793,现在不买，等待何时啊，在那看来看去，下手为强,重德尚礼,38,0,08-09 10:38
794,千里之行，始于足下；积小成大，长久复利,金苹果JN,1747,95,08-07 02:32
795,打板第二天被埋，当天追一个点的被埋，抄底的被埋透，血滴子行情怎么玩,不碰中字头,58,0,08-09 10:38
796,我是一名操盘手，我快抑郁了，看来要失业了,我想买美股,29,0,08-09 10:38
797,又拉证券,招财满堂得老夫子,21,0,08-09 10:38
798,5千多只股票，仅仅12只涨停，另外房地产，保险，证券，银行，大飞机旅游酒店，酿酒,恭喜成章de狄仁杰,48,1,08-09 10:33
799,打造制造业强国，为什么制造业不涨呢？,等一等再说,12,0,08-09 10:38
800,打造制造业强国，为什么制造业不涨呢？,等一等再说,12,0,08-09 10:38
801,2023年8月7日周一消息面和板块复盘，谨防抄底失败和追涨杀跌,股友quan9375,64,1,08-07 08:58
802,人造牛造了一揽子空，水利须等待传媒歇，中药冒乱扯奇藏药,空山新雨鸟鸣涧,349,3,08-09 01:15
803,稳稳的空稳稳的幸福,股友f5MPob,69,0,08-09 10:37
804,狗专家门说不要碰医药板块,股友GYHHXe,51,0,08-09 10:37
805,尽快撤离，坚持认为市场底在下半年到来,控制不住自己个,126,6,08-09 10:29
806,你还敢拉，大家都等解套拿钱回家呢！,分歧进,23,0,08-09 10:37
807,转发,股友16t017556R,14,0,08-09 10:37
808,接下来会爆拉，拭目以待吧,耀眼的太阳升起,58,1,08-09 10:32
809,绿色一片大好，前途无量,我就要赢,20,0,08-09 10:36
810,目前大盘最低3247，应该是今天最低了，把握机会方有红包。,五彩缤纷V,679,17,08-03 09:59
811,轻仓以待，等趋势明朗！涨也欣喜，跌亦欣然！[OKOK][得意],shark8965,35,0,08-09 10:36
812,开启拉指数扑跌模式！,股友a2FQqg,20,0,08-09 10:36
813,券商作妖不止，其他板块没机会，渣男带着大盘像猴一样上蹿下跳,风趣地葡萄,12,0,08-09 10:36
814,主力在就轻避重，拉一些无关紧要的票，暗中吸你手中的好票,股友3036,12,0,08-09 10:36
815,大盘跌到周五、本次小调整,踊跃的颜司明,11,0,08-09 10:36
816,真的只要内资资金不要天天流出！大盘绝对直接上天了！！,恭喜发财000008,25,0,08-09 10:36
817,南钢：参与民族地区重大项目建设。摩根加速。,青青岛,38,1,08-09 08:19
818,上证波浪图表 ：自3418以来的调整是否结束,股道踏浪,4082,145,08-05 05:07
819,信心在哪里？你能赚钱的概率有多大[偷笑][偷笑][偷笑],往事輕如煙,211,5,08-09 09:35
820,快进雪人,邪恶的赖总点评,265,3,08-09 10:32
821,大盘只要一过3300点，就会被打压下去。不知是何原因？,股友3w17o02867,246,11,08-09 10:18
822,一切如所预，昨天地产跌，今日券商跌，而指数，仍要探3246~3250一线，原因很,duke021,315,13,08-08 09:48
823,大券商依旧保持强势，未来行情主线还的是券商,东财网友6693513626511626,24,0,08-09 10:35
824,无量拉升，下面的支撑肯定要去跌一跌的,捉妖师586,45,0,08-09 10:35
825,我觉得这一轮只是一波大的反弹，而且最迟下个周就结束了，肯定还有一波下杀,爱学习的金,104,5,08-09 10:23
826,今天还行有一千家领涨,股民2273782,13,0,08-09 10:35
827,股神们好，高手云集,飞黄善贾的雁若,13,0,08-09 10:35
828,恶洗，下周看涨,股友99179pk108,13,0,08-09 10:35
829,今天买入,何小散,18,0,08-09 10:35
830,今天赔了这周内直接清仓再也不买股票[微笑],股友053z96y868,32,1,08-09 10:32
831,仅4000只下跌,金银多谋得李寻欢,34,1,08-09 10:31
832,要跌你就多跌点，谢谢,扬帆起航乘风破浪,37,0,08-09 10:35
833,说好的活跃呢,股友23X158q618,25,0,08-09 10:35
834,个股跌的很稳定，哈哈哈,痞子不站危墙之下,19,0,08-09 10:35
835,大A太神奇了，又是3000+个股下跌,谷达人,40,1,08-09 10:28
836,牛市什么时候会来？,致远笃行3198,135,7,08-09 10:18
837,我们现在房子不是主要问题，你可买，可不买。看病难，看病贵，药贵，这才是主要问题，,卡车怪蜀黍0300,55,1,08-09 10:27
838,这牛是的,俏皮的温翔云,12,0,08-09 10:34
839,难道你也会涨？,n140825609160cd4,18,0,08-09 10:34
840,大家让让，我来发个笑话,不想了5,22,0,08-09 10:34
841,多空博弈，未来最新的赚钱模式是重指数轻个股,吉米米4530,318,1,08-08 07:05
842,要往3100去了吓人,毕业养鱼L,136,5,08-09 10:04
843,天天3000+股下跌………………,咏叹YT,11,0,08-09 10:34
844,A股牛皮,留传风中,28,0,08-09 10:34
845,大盘这种走势很危险，刚要跌，又拖住，三番几次，不跌透，不会涨的，还有暴跌,股友22z607121E,22,0,08-09 10:34
846,让股民和基民都能攒到钱[捂脸]！股民和基民这行情中大概率攒得盆满钵满的[捂脸]？,股海尽法海,163,5,08-09 10:26
847,不是证券抬轿，早破3150了,股友FthUvI,40,0,08-09 10:34
848,老乡掩护让大部队先走,股道合一,17,0,08-09 10:34
849,今天是要红盘的,主升叁浪叁,24,0,08-09 10:34
850,观点没有变，还是之前说的，拉高就走，等着调整几天再进、现在的市场没有行情，没有投,内蒙老牛,177,4,08-09 09:51
851,稳住就赢了,万里追庄,22,0,08-09 10:34
852,国家说了，让股民挣到钱,迎宾综合服务部,39,1,08-09 10:31
853,大摩都说了清仓你们不信,万手哥来点火了,15,0,08-09 10:34
854,把你们失望的心再次躁动起来。[大笑],耀眼的太阳升起,14,0,08-09 10:34
855,老师说这次大A能长到不敢相信自己的眼睛,喜乐欢,22,0,08-09 10:34
856,好，好得很,上涨零容忍,18,0,08-09 10:34
857,指熊为牛,上善若书,14,0,08-09 10:34
858,英大证券的李大霄一出来说话，股市就要跌，真奇怪了？,股友d908W73012,47,1,08-09 10:29
859,下午要炸？？？？,丫头家地主,24,0,08-09 10:33
860,昨天已全部清仓，1股不留。每天3，4千家下跌的牛市，谁爱玩谁玩吧！天天喊牛市的，,基民PtrjUK,33,0,08-09 10:33
861,我真的不想玩了，买一只套一只，亏了20万了。哎。,绿绿绿很环保,455,17,08-09 09:31
862,满屏自选皆绿，这个市场到底怎么了。,富可来财得叶孤城,183,6,08-09 10:24
863,早盘指数低开，医药涨幅靠前，没有什么热点板块效应，权重表现也一般，昨天在券商带动,细雨夜静听海,29,0,08-09 10:33
864,0809上午盘中分析1、市场量能继续缩量，预测今天7200亿，这个量能萎缩到极致,三羊论财,125,0,08-09 10:33
865,好活跃,稳住别浪123,20,0,08-09 10:33
866,人民币对美元贬值，大A就拉稀。,回头一笑百股红4106,22,0,08-09 10:33
867,5千多只股票，仅仅12只涨停，另外房地产，保险，证券，银行，大飞机旅游酒店，酿酒,恭喜成章de狄仁杰,22,0,08-09 10:33
868,今年这资金的吃相着实难看，凶相毕露，炒股至今没有比今年难的了[捂脸],心无物欲秋空霁海,33,0,08-09 10:33
869,这难道不是利好上市公司利好股民，利好百姓的好消息吗？[色][得意]很多上市公司净,卧龙说股到金,1653,12,08-09 07:37
870,不得不说，有点儿东西。,看情绪炒股,15,0,08-09 10:33
871,这就是让散户挣钱,食神之神920,15,0,08-09 10:33
872,科瑞技术002957,科瑞技术nao种,1021,3,05-04 06:54
873,无数次证明牛来了小作文一发，跑就完事了,梭哈必亏,12,0,08-09 10:32
874,近期最好不要打板，亏麻了,招财满堂得老夫子,21,0,08-09 10:32
875,只有 成交额就是信心,牛不言顶,78,0,08-09 10:32
876,顶级商业地产股陆家嘴，北向资金不断买入，尽快跟进,一猫胜三虎,95,5,08-09 09:09
877,都看懂的地方，主力就装死了，我不动了,牛金虎,26,0,08-09 10:32
878,同志们，扶我起来，我还能战斗！,勇士2000008,26,0,08-09 10:32
879,不是牛市要来吗？忽悠人？[哭][哭][哭],平静的爱港1,32,1,08-09 10:27
880,无语，跌跌不休，喊牛市的人出来走两步,李讯丽3451,35,1,08-09 10:28
881,一大口气只折腾天半。又半气了[好困惑],李友全,12,0,08-09 10:32
882,支愣起来,永远有多远73163,15,0,08-09 10:32
883,*十年铸铁终成剑，一朝注册定乾坤。注册制尘埃落定，小双头初见成型。任务已经圆满完,股友03939tg701,3816,130,04-10 10:42
884,下来吧小可爱！！！这样就没意思了,余小二,39,0,08-09 10:32
885,笑掉大牙,小韭神涨哥,17,0,08-09 10:32
886,今天冲高回落，收中阴,换句话看好,163,15,08-09 09:38
887,每年500只，时不时的来几只庞然大物，任何数量越多，价格就越便宜！,无法逾越的三千点,56,1,08-09 10:28
888,又要挑战3200了,战略金融事业部,38,0,08-09 10:31
889,一点招都没有，3250啊。[笑哭],xgworld,18,0,08-09 10:31
890,今天主力妥妥的300亿到手了,批着牛皮的黑熊,13,0,08-09 10:31
891,第一个支撑位，3236，第二个支撑位3200，看看你能猛砸到哪里！！！,破釜哥成神记,137,2,08-09 10:16
892,水利和粮食才是接下来该关心的,子默1,13,0,08-09 10:31
893,就这样市场玩个屁，天天亏,小基民要赚钱6,23,0,08-09 10:31
894,空仓等，也是一种折磨,股友8酒鬼,13,0,08-09 10:31
895,又给删了,还有希望吗,18,0,08-09 10:31
896,天天跌，什么涨，通知一下,A1白子画,22,0,08-09 10:31
897,感觉今天会来红,九菲特牛,11,0,08-09 10:31
898,要让散户赚到钱,神马一下,14,0,08-09 10:31
899,专家预测的呢,超短线007,23,0,08-09 10:31
900,900点再见！,XSSSSX,21,0,08-09 10:31
901,我闻到了牛的味道,上海浦江大哥,28,1,08-09 10:27
902,每天四千只股票跌，还吹牛,股友CA1c5y,40,1,08-09 10:27
903,这股市真搞笑啊，盯着自选股，一点反应都没有，还以为收盘了,基民9x0312o586,24,0,08-09 10:31
904,这行情真的没谁了[滴汗],孤魂野,48,0,08-09 10:31
905,再来一次能吹一辈子的判断。前言：本人的分析贴，是基于一定的逻辑和依据，并非无脑的,大牛前行,1971,10,08-01 11:09
906,都别炒股了，没发现都是散户买单吗？一直都是跌的份。又有多少人是赚钱的,勇敢的橄榄树,33,0,08-09 10:31
907,这个行情想赚钱，不但要找准风口，还要找到风口里的风口，买到其他跟风的，赚的不够其,低调的奢华1688,33,0,08-09 10:30
908,快点跌啊，拜托了,三国演义赌城风云,20,0,08-09 10:30
909,布林线中轨3235去碰一下看有没有反弹,空仓等待拐头行动,23,0,08-09 10:30
910,不管你信不信？牛已在路上。现在对标的是2014年8月9日,股海淘金梦想者,14,0,08-09 10:30
911,主力会兵法，喜欢跟散户打游击，哪里散户少，就去拉哪里。唯一的目的就是收多大多数散,太嫩轻点割,30,0,08-09 10:30
912,4000下跌，笑死了,小韭菜一枚1个,137,5,08-09 09:31
913,3246强支撑，疯狂试探但还没破[惊吓]一下来就拉起来,是虎不是猫o,14,0,08-09 10:30
914,继续缩量都没有人玩了我嘞个去,股友153uh81677,13,0,08-09 10:30
915,玩什么这么玩，10几天都是指数再玩。,股友CWxkD6,47,1,08-09 10:18
916,A50指数涨大盘反而跌。,股友7R5531598D,14,0,08-09 10:30
917,什么利好都救不了你,精品园林8083,158,5,08-09 10:22
918,还能砸一点才够4000家，继续,A股不退我不走,12,0,08-09 10:30
919,什么时候销户都是对的,震荡上行可行,21,0,08-09 10:30
920,真舒服终于不用看盘了，一起普跌,现实的蒋凌旋1,20,0,08-09 10:30
921,探底回升、下午金三傻白酒翻红,股友GuWkhd,12,0,08-09 10:30
922,[看多][看空][看空][看多][看空][看多][看多][看多][看多][看多],宏泉168,27,0,08-09 10:30
923,熊事下的惯用伎俩，每次礼拜五用大盘股拉指数，礼拜一到礼拜四都是跌跌跌,奇牛找牛3,38,1,08-09 10:24
924,不带有好的,股友3873X5X780,26,0,08-09 10:29
925,苦海无边、回头是岸。,基民s8fCuM,30,0,08-09 10:29
926,如果没有之前的证券拉那么几天，估计大A又到了3000点了,笑眯眯地老韭菜,22,0,08-09 10:29
927,何时股市能转正势？我来做个大胆的逻辑分析:目前中特估、地产、大金融、证券基本上都,Pferd1334533,13,0,08-09 10:29
928,横有多长，竖有多高。,基民nzxHPg,29,1,08-09 10:24
929,个股小盘股不涨不买股票都是套人的把戏,巴菲韭888,25,0,08-09 10:29
930,两市接近四千只下跌，今年的主旋律都是这样，真是熟悉呀,毕业养鱼L,64,0,08-09 10:29
931,快跌。明天有一笔神秘资金来了。因为我发工资了[大笑],追猎者潇猎人,52,0,08-09 10:29
932,活跃市场？让股民赚钱？,亲密的尤夏青3,22,0,08-09 10:29
933,最近一直指数微跌，个股狂跌，近期必然有次大跌！！！,务实得大鲤鱼,37,0,08-09 10:29
934,继续缩量继续下跌，A股牛逼，别说受什么外围影响，外围你爹涨的时候你涨了嘛？,一路长虹旺气冲天,31,0,08-09 10:29
935,宝莱特上半年净利增728%紧密推进新品研发进度,爱东方的财经人士,704,9,07-29 01:34
936,破位了……下跌趋势开启,股友OfPiz8,25,0,08-09 10:29
937,牛来了,左助ki,44,1,08-09 10:26
938,老乡别跑，还没亏完呐[大笑][大笑],麒麟才子梅长苏A,21,0,08-09 10:29
939,3200点看看机会吧[滴汗][滴汗][滴汗],小牛0826,25,0,08-09 10:29
940,#医药领域反腐正驶向深水区#净化医药，利好[赞],股友2266180t8V,14,0,08-09 10:29
941,牛市来了。每天淹死一批人！,股友07M076Q200,44,0,08-09 10:21
942,原因就是外围下跌！,RL77,57,2,08-09 10:17
943,这是绿牛。。哈哈,我是中国红马甲,29,0,08-09 10:29
944,2023/8/7（周一）实盘操作：出局中兴商业、华西能源、柯利达，持有龙泉股份、,楠哥淘金,5847,76,08-07 03:09
945,一起完蛋！,炒股只是为了解套,14,0,08-09 10:29
946,牛市调整两天，别怂，继续加仓,永远不赌了,21,0,08-09 10:28
947,一切拉起都在诱多，还有人不信我吗[憨笑],股市之玩尽杀绝,24,0,08-09 10:28
948,前两周一群喊牛来了的，现在又可以喊牛市结束了,日进善贾de容小仙,75,1,08-09 10:23
949,怎么做到一大半跌指数不动的,处处是家,36,1,08-09 10:20
950,坐等,月月朋朋聊基金,29,0,08-09 10:28
951,整治完医疗就整治教育吧，虽说义务教育，但一学期学校收各种杂七杂八的也要大几千的，,投机取巧的啊秀,32,0,08-09 10:28
952,坐等看戏！等折腾累了再进,YAN71420250,12,0,08-09 10:28
953,让散户赚钱，一定会！,股友LXS02k,19,0,08-09 10:28
954,天灵灵地灵灵，最近大盘要不行，风险提示,本人已退,39,1,08-09 10:25
955,3230→3200→?,n513513699839166,25,0,08-09 10:28
956,落袋为安吧！,金玉斗金的亚瑟,64,2,08-09 10:24
957,踏马的这一波拉升，拉了整整七天的证券，指数拉上去了，别的板块别的股一毛没跟着涨，,皮皮是个蓝猫,21,0,08-09 10:28
958,快跌小跌5个点,虎气牛气,17,0,08-09 10:28
959,小双头,无欲则刚94,22,0,08-09 10:28
960,指数跌的不多，可大多股票都跌很多，这是哪些大票护盘了吗？,股友mWFo7A,165,6,08-09 10:19
961,指数下跌末端，最体现伤害性,金玉广进的水门,49,0,08-09 10:28
962,好几个证券票在获利盘位置，连续小阳线串串,接盘侠也是侠,22,0,08-09 10:28
963,天天买股都要看概率，5分之一的概率都没有。今天不红，就先清仓了[捂脸],严文文12,46,0,08-09 10:28
964,放牛娃的春天[捂脸],津巴布韦韭菜,17,0,08-09 10:28
965,如果只是一句那么牛可能还漂在天空中呢,股友CAYzzG,24,0,08-09 10:28
966,又开始4000家下跌,富贵随意来,24,0,08-09 10:28
967,要回下补缺口了。,股友McS6fS,44,1,08-09 10:24
968,内垃又开始了,股友35a1Q58997,21,0,08-09 10:28
969,建议交易市场化国际化·,半对数,43,1,08-09 10:20
970,都没有增量资金，哪来的牛市,股友ma917z,18,0,08-09 10:28
971,指熊为牛,股友qBFZaT,15,0,08-09 10:28
972,假摔而已，散户又要人人发大财了[大笑][大笑][拜神][拜神][拜神],烁烁的韩招弟2,32,0,08-09 10:27
973,$上证指数(SH000001)$,悠闲的王美波,40,1,08-09 10:21
974,$上证指数(SH000001)$,干燥的瞿若1,37,1,08-09 10:20
975,#碧桂园承认出现流动性压力#近期，各大公司自造AI大模型并试图将AI赋能自身业务,基民771R92d127,19,0,08-09 10:27
976,就这样让买基金买股票的散户赚到钱？,股友2qX2187217,21,0,08-09 10:27
977,A股太垃圾指数阴跌。个股跌死。,股友Y6JKSq5260,22,0,08-09 10:27
978,股指期货明显强于大盘，可以抄底了！,翡翠成章的阿苏,23,0,08-09 10:27
979,内资太强了，哪天不跑几百亿，他估计睡不着觉,定一个亿的小目标,35,0,08-09 10:27
980,今天挑战3200点支撑了,五行带金钱,16,0,08-09 10:27
981,后续没有实质利好大盘将探底，政策底后还有市场底,zwh春暖花开,25,0,08-09 10:27
982,已经到航母夹板了，马上发射！哈哈,股友2p20u01807,12,0,08-09 10:27
983,干的漂亮，最后的存量资金也套牢在券商上了，步步逼死大家的节奏，跟中国足协有的一拼,虎虎生威妮,92,1,08-09 10:25
984,基民快赎回吧，你们的钱都被无良的基金经理高位接盘。,视觉001,19,0,08-09 10:27
985,这个星期跌4天红一天,东方空城7267,46,1,08-09 10:23
986,一年250个交易日，能跌200个交易日，大神，你们见过这样的市场吗？,逍遥姜太公钓鱼,161,4,08-09 10:16
987,这就是牛shi,入A股毁钱途,21,0,08-09 10:27
988,有伤害性的时候开始了！,金玉广进的水门,20,0,08-09 10:27
989,全面空仓了，失望了,早上不买股票,18,0,08-09 10:27
990,销户最好的选择,只做老六,55,2,08-09 10:13
991,一根阳线跌两星期，真牛逼,卿小酒酒,16,0,08-09 10:27
992,到底牛没牛，如牛,是苏曦呀,16,0,08-09 10:27
993,这就是中国股市[微笑][微笑][微笑]教你做人,红扑扑的睡莲,22,0,08-09 10:27
994,shi壳郎戴面具——chou不要lian,坚定的魏靖娴,30,0,08-09 10:27
995,3229抓紧啊，别等明天了,一个开心的boy,18,0,08-09 10:27
996,这就是牛,入A股毁钱途,12,0,08-09 10:27
997,圆弧底的科技股砸成粉了,让子弹飞一飞一飞一会,45,1,08-09 10:24
998,1000家上涨，还有4000家待涨，牛市呀,股民2273782,18,0,08-09 10:27
999,看看碧桂园股票，就知道股市走向了,GDP669,30,0,08-09 10:26
1000,请问这是牛市吗？？,九鼎久,406,20,08-09 10:13
1001,太可怕了买中字头居然套的啥也不是。被忽悠的好惨。,股友8932i5R186,24,0,08-09 10:26
1002,政策底之后就是市场底，等着低位买便宜的筹码吧，希望年底可以赚一些，现在减轻仓位等,东财网友2879513702943892,36,0,08-09 10:26
1003,大盘应该去补缺口啦。,股友wbGKit,35,0,08-09 10:26
1004,买点来了，冲啊！,栗子熟了,21,0,08-09 10:26
1005,摩根大通说的对反弹就得跑,股友0027yf2833,22,0,08-09 10:26
1006,坐等抬轿,股友rXE0QE,178,4,08-08 07:50
1007,今天跌四千家不过分吧,韭菜历险记第二篇,113,3,08-09 10:15
1008,拉指数大部分亏钱，有什么意思呢？,一枝春带雨,24,0,08-09 10:26
1009,直接破3200算了，这样不觉得恶心嘛,赚个10万0079,20,0,08-09 10:26
1010,主力净流出变得越来越活跃啦,股友82C7Y55087,40,0,08-09 10:26